image_id,image_filename,reviewed,needs_review,caption_quality,specificity,cultural_entity_missed,template_bias,object_hallucination,wrong_object_or_action,language_issue,expected_cultural_terms,predicted_cultural_terms,explanation,updated_at
1,00000000001.jpg,True,False,correct,specific,False,False,False,False,False,,,,2026-06-06T18:35:43+00:00
8,00000000008.jpg,True,False,wrong,generic,False,True,True,True,False,,,Prediction đúng chủ thể “nhiều người” nhưng bỏ sót hành động múa/biểu diễn nghệ thuật và mô tả sai bối cảnh từ “phố đi bộ” thành “bậc thang”.,2026-06-06T18:45:47+00:00
30,00000000030.jpg,True,False,partial,unsure,False,False,False,True,True,,,"Prediction nhận diện đúng đối tượng “tàu” nhưng sai về số lượng, khi ảnh có nhiều con tàu trong khi caption chỉ mô tả một con tàu.",2026-06-06T18:43:32+00:00
36,00000000036.jpg,True,False,correct,specific,False,False,False,False,False,,,,2026-06-06T18:39:39+00:00
42,00000000042.jpg,True,False,wrong,unsure,False,False,True,True,False,,,Trong ảnh không xuất hiện người đàn ông mặc áo trắng. Caption của ViG có khả năng đã nhầm vùng màu trắng của trang giấy thành trang phục của một người trong ảnh.,2026-06-06T18:44:23+00:00
64,00000000064.jpg,True,False,correct,specific,False,False,False,False,False,chợ,chợ,,2026-06-06T18:41:37+00:00
66,00000000066.jpg,True,False,wrong,unsure,False,False,True,True,False,,,"Prediction đúng bối cảnh sông nước nhưng quá chung chung, mô tả “những chiếc thuyền” thay vì một con tàu chở cây cảnh, đồng thời bỏ sót chi tiết quan trọng là các chậu cây cảnh trên tàu.",2026-06-06T18:47:01+00:00
78,00000000078.jpg,True,False,partial,generic,True,True,False,False,False,áo_dài;khu_di_tích,khu_di_tích,"ViG dự đoán “có một nhóm người đang đứng trước một khu di tích”, mô tả được chủ thể và bối cảnh chung nhưng còn quá khái quát. Các reference nhấn mạnh nhóm học sinh/em học sinh mặc áo dài và xuất hiện cùng tấm bia tại khu di tích. Khác biệt quan trọng nằm ở yếu tố văn hóa: reference có đề cập đến `áo_dài`, trong khi prediction bỏ sót hoàn toàn chi tiết này.",2026-06-06T18:58:00+00:00
86,00000000086.jpg,True,False,correct,specific,False,False,False,False,False,,,,2026-06-06T18:58:18+00:00
93,00000000093.jpg,True,False,partial,generic,True,True,False,False,True,xuồng;nón_lá;ghe,xuồng,"ViG dự đoán “có một chiếc xuồng đang di chuyển trên mặt nước”, qua đó nhận diện được phương tiện đường thủy và bối cảnh sông nước. Tuy nhiên, caption vẫn còn thiếu các chi tiết quan trọng trong reference, đặc biệt là hình ảnh người đội `nón_lá` và sự xuất hiện của `ghe`. Đây là lỗi bỏ sót yếu tố văn hóa, vì prediction chỉ mô tả phương tiện một cách chung chung mà không nhắc đến các marker văn hóa nổi bật trong ảnh.",2026-06-06T20:33:40+00:00
95,00000000095.jpg,True,False,correct,specific,False,False,False,False,False,,,,2026-06-06T18:59:43+00:00
104,00000000104.jpg,True,False,correct,specific,False,False,False,False,False,,,"ViG sinh: “có một_vài phương_tiện giao_thông đang di_chuyển ở trên đường”. Các reference thường nhấn mạnh: đường, một_vài, cao, xe_cộ, hình_ảnh và chụp. So với reference, prediction có vẻ bỏ qua/giảm nhẹ các chi tiết: cao, xe_cộ, hình_ảnh, chụp và nhìn. Độ trùng nội dung với reference tương đối cao.",2026-06-06T19:00:07+00:00
106,00000000106.jpg,True,False,wrong,specific,False,False,True,True,False,,,"Prediction mô tả sai trọng tâm: chỉ nhắc một phụ nữ mặc áo đen, trong khi reference nhấn mạnh nhóm/bà lão đang cắt cỏ trên đường. Caption bỏ sót số lượng chủ thể và hành động chính.",2026-06-06T19:01:05+00:00
111,00000000111.jpg,True,False,partial,generic,True,True,False,False,True,nón_lá,,"ViG dự đoán “ở trên mặt nước có sự xuất hiện của một chiếc thuyền”, qua đó nhận diện được bối cảnh sông nước và đối tượng phương tiện chính. Tuy nhiên, caption vẫn còn khá chung chung so với reference, vì bỏ sót hành động “chèo” và các chi tiết nổi bật như xe đạp, người đội nón lá. Đặc biệt, reference có nhắc đến yếu tố văn hóa `nón_lá`, trong khi prediction không đề cập đến chi tiết này.",2026-06-06T19:02:01+00:00
115,00000000115.jpg,True,False,correct,specific,False,False,False,False,False,,,"ViG sinh: “có một_vài người đang đứng ở bên trong siêu_thị”. Các reference thường nhấn mạnh: mặc, áo, giỏ, xanh, vàng và cầm. So với reference, prediction có vẻ bỏ qua/giảm nhẹ các chi tiết: mặc, áo, giỏ, xanh và vàng. Ngược lại, prediction nhấn mạnh/thêm các chi tiết: một_vài.",2026-06-06T19:02:26+00:00
118,00000000118.jpg,True,False,correct,specific,False,False,False,False,False,,,"Prediction đúng bối cảnh phòng trưng bày và nhóm người tham quan, nhưng còn chung chung, bỏ sót chi tiết nhóm bạn trẻ và đặc điểm áo xanh trong reference.",2026-06-06T19:05:09+00:00
123,00000000123.jpg,True,False,partial,specific,True,False,False,False,False,khu_phố_cổ,,"Prediction nắm được bối cảnh phố vắng nhưng còn chung chung, bỏ sót yếu tố văn hóa `khu_phố_cổ` và các đặc trưng cổ kính được nhắc trong reference.",2026-06-06T19:04:09+00:00
140,00000000140.jpg,True,False,correct,specific,False,False,False,False,True,,,"Prediction đúng đối tượng xe máy và hành động di chuyển, nhưng còn chung chung vì bỏ sót bối cảnh cụ thể là con ngõ .",2026-06-06T19:04:53+00:00
189,00000000189.jpg,True,False,unsure,specific,False,False,False,True,True,,,"Prediction mô tả đúng các chi tiết có trong ảnh như rau củ quả và kệ hàng, nên không phải hallucination. Tuy nhiên, caption lệch trọng tâm so với reference vì bỏ sót hai người mặc áo xanh và hành động cầm trái cây.",2026-06-06T19:06:40+00:00
190,00000000190.jpg,True,False,partial,specific,False,False,False,True,True,,,"Prediction sai tư thế khi mô tả nhân vật “đang đứng” trong khi thực tế là đang ngồi; đồng thời bỏ sót các chi tiết quan trọng như mỏm đá, mũ đỏ và ô tô.",2026-06-06T19:07:31+00:00
197,00000000197.jpg,True,False,correct,specific,False,False,False,False,False,,,"Prediction đúng chủ thể và bối cảnh quầy hàng, có độ trùng nội dung khá cao với reference, nhưng còn bỏ sót chi tiết quầy đồ ăn, tạp dề vàng và hoạt động bán hàng.",2026-06-06T19:08:01+00:00
204,00000000204.jpg,True,False,correct,specific,False,False,False,False,False,,,"Prediction đúng bối cảnh chung là người đứng trước cửa hàng, nhưng còn khái quát và bỏ sót các chi tiết cụ thể như cửa hàng tạp hoá, bảng hiệu và màu xanh lá.",2026-06-06T19:08:32+00:00
208,00000000208.jpg,True,False,correct,specific,False,False,False,False,False,,,"ViG mô tả đúng một số chi tiết như xe và ô_tô; bỏ sót/giảm nhẹ các chi tiết bãi, đỗ, khu_vực và xe_hơi; lệch sang các chi tiết đường.",2026-06-06T20:38:19+00:00
211,00000000211.jpg,True,False,partial,specific,True,False,False,False,False,chợ;nón_lá,chợ,"Prediction đúng bối cảnh chung là khu chợ có nhiều người, nhưng bỏ sót yếu tố văn hóa `nón_lá` và bối cảnh `chợ_phiên` được nhấn mạnh trong reference.",2026-06-06T19:09:35+00:00
225,00000000225.jpg,True,False,correct,specific,False,False,False,False,False,,,"ViG mô tả đúng một số chi tiết như bãi và một_vài; bỏ sót/giảm nhẹ các chi tiết cát, cầm, tay, tấm và ván; lệch sang các chi tiết biển.",2026-06-06T20:38:34+00:00
228,00000000228.jpg,True,False,wrong,generic,True,True,True,True,False,đèn_lồng,,"ViG dự đoán “có một cô gái đang ngồi ở trên vỉa hè”, mô tả được một chủ thể người trong ảnh nhưng chưa phản ánh đúng trọng tâm. Prediction bỏ sót yếu tố văn hóa `đèn_lồng`, một chi tiết quan trọng trong mô tả gốc. Ngoài ra, caption chuyển trọng tâm sang “vỉa hè”, trong khi reference tập trung vào không gian quán nước và vật trang trí.",2026-06-06T19:10:57+00:00
243,00000000243.jpg,True,False,partial,specific,False,False,True,True,False,,,"ViG mô tả đúng một số chi tiết như siêu_thị, xe và đẩy; bỏ sót/giảm nhẹ các chi tiết cặp, đôi, bé, quầy và hàng; lệch sang các chi tiết hai.",2026-06-06T20:38:50+00:00
245,00000000245.jpg,True,False,wrong,generic,False,True,True,True,False,,,"ViG chưa khớp rõ với các chi tiết chính trong ảnh; bỏ sót/giảm nhẹ các chi tiết xe_đạp, tủ, kính, đặt và trưng_bày; lệch sang các chi tiết bộ, bàn_ghế, gỗ, căn và phòng.",2026-06-06T20:39:07+00:00
284,00000000284.jpg,True,False,partial,generic,False,True,False,False,False,,,"ViG chưa khớp rõ với các chi tiết chính trong ảnh; bỏ sót/giảm nhẹ các chi tiết ba, tượng_hình, trưng_bày, em và đội; lệch sang các chi tiết nhóm.",2026-06-06T20:39:24+00:00
296,00000000296.jpg,True,False,partial,generic,False,True,False,False,False,,,"ViG chưa khớp rõ với các chi tiết chính trong ảnh; bỏ sót/giảm nhẹ các chi tiết quán, cà_phê, chụp, mặt và cửa; lệch sang các chi tiết vỉa_hè, một_vài và xe_máy.",2026-06-06T20:39:44+00:00
297,00000000297.jpg,True,False,correct,specific,False,False,False,False,False,,,"ViG mô tả đúng một số chi tiết như cửa_hàng, bày_bán và mặt_hàng; bỏ sót/giảm nhẹ các chi tiết loại, hàng_hoá, bày, kệ và hàng.",2026-06-06T20:39:50+00:00
303,00000000303.jpg,True,False,correct,specific,False,False,False,False,False,,,,2026-06-06T19:12:03+00:00
306,00000000306.jpg,True,False,correct,specific,False,False,False,False,False,,,"ViG mô tả đúng một số chi tiết như toà và nhà; bỏ sót/giảm nhẹ các chi tiết gấu, mặt, chụp, buổi và đêm.",2026-06-06T20:39:55+00:00
313,00000000313.jpg,True,False,correct,specific,False,False,False,False,False,,,"ViG mô tả đúng một số chi tiết như xe_cộ, đường và di_chuyển; bỏ sót/giảm nhẹ các chi tiết ngã, tư, khu_vực, nhìn và cao.",2026-06-06T20:40:01+00:00
319,00000000319.jpg,True,False,partial,generic,False,False,False,False,False,,,"ViG chưa khớp rõ với các chi tiết chính trong ảnh; bỏ sót/giảm nhẹ các chi tiết toà, nhà, tụ_tập và khu_vực; lệch sang các chi tiết siêu_thị.",2026-06-06T20:40:18+00:00
322,00000000322.jpg,True,False,unsure,generic,False,True,False,False,False,,,"ViG chưa khớp rõ với các chi tiết chính trong ảnh; bỏ sót/giảm nhẹ các chi tiết phố, tường, cũ, đầu và nguời; lệch sang các chi tiết vỉa_hè và xe_máy.",2026-06-06T20:40:53+00:00
324,00000000324.jpg,True,False,correct,specific,False,False,False,False,False,,,"ViG mô tả đúng một số chi tiết như kệ, hàng và bày_bán; bỏ sót/giảm nhẹ các chi tiết sản_phẩm, sữa, bày, cửa_hàng và bán; lệch sang các chi tiết mặt_hàng.",2026-06-06T20:40:59+00:00
331,00000000331.jpg,True,False,correct,specific,False,False,False,False,False,xích_lô,xích_lô,"Prediction đã nhắc đúng marker văn hóa `xích_lô`, nhưng còn khái quát và bỏ sót các chi tiết như đoàn xe nối đuôi nhau trên phố và `mặt_nạ` treo trong reference.",2026-06-06T19:12:48+00:00
342,00000000342.jpg,True,False,wrong,generic,False,True,True,True,False,,áo_dài,"ViG mô tả đúng một số chi tiết như mặc; bỏ sót/giảm nhẹ các chi tiết trắng, cánh, đồng, áo và tạo_dáng; sinh thêm cultural term áo_dài không phù hợp với ảnh; lệch sang các chi tiết áo_dài và đường.",2026-06-06T20:41:16+00:00
343,00000000343.jpg,True,False,wrong,specific,False,False,True,True,False,,nón_lá,"ViG mô tả đúng một số chi tiết như tay và cầm; bỏ sót/giảm nhẹ các chi tiết điện_thoại, che, ô, hai và bãi; sinh thêm cultural term nón_lá không phù hợp với ảnh; lệch sang các chi tiết nón và lá.",2026-06-06T20:41:30+00:00
349,00000000349.jpg,True,False,correct,specific,False,False,False,False,False,,,"ViG mô tả đúng một số chi tiết như đường và di_chuyển; bỏ sót/giảm nhẹ các chi tiết xe_đạp, đạp, hàng, cây và tre.",2026-06-06T20:41:36+00:00
352,00000000352.jpg,True,False,wrong,generic,False,False,False,False,False,,khu_di_tích,"ViG mô tả đúng một số chi tiết như nhóm; bỏ sót/giảm nhẹ các chi tiết cổng_chào, khu_vực, cùng, nhau và tụ_tập; sinh thêm cultural term khu_di_tích không phù hợp với ảnh; lệch sang các chi tiết khu và di_tích.",2026-06-06T20:41:55+00:00
355,00000000355.jpg,True,False,wrong,generic,False,True,False,True,False,,,"ViG chưa khớp rõ với các chi tiết chính trong ảnh; bỏ sót/giảm nhẹ các chi tiết đường, mái, tranh, di_chuyển và khu_vực; lệch sang các chi tiết sân và hai.",2026-06-06T20:42:08+00:00
361,00000000361.jpeg,True,False,partial,specific,False,False,False,False,False,,,"ViG mô tả đúng một số chi tiết như mặc, đồ, bảo_hộ và cầm; bỏ sót/giảm nhẹ các chi tiết cây_bút, xanh, cây_viết, trắng và nhìn; lệch sang các chi tiết lọ.",2026-06-06T20:42:19+00:00
363,00000000363.jpg,True,False,partial,specific,True,False,False,False,False,áo_dài,áo_dài,"Prediction đã nhắc đúng marker văn hóa `áo_dài`, nhưng còn bỏ sót các chi tiết như áo dài trắng, bối cảnh trên phố và hành động tạo dáng/chụp ảnh.",2026-06-06T19:14:56+00:00
367,00000000367.jpg,True,False,wrong,generic,False,True,True,True,False,,,"ViG chưa khớp rõ với các chi tiết chính trong ảnh; bỏ sót/giảm nhẹ các chi tiết cậu, bé, đội, mũ và vẽ; lệch sang các chi tiết tường.",2026-06-06T20:42:31+00:00
371,00000000371.jpg,True,False,wrong,generic,False,True,True,True,True,,áo_dài,"Prediction đúng chủ thể “cô gái” và tư thế đứng, nhưng sai trang phục khi sinh thêm cultural term `áo_dài`; ảnh/reference không thể hiện áo dài mà nhấn mạnh váy hồng, nón rộng vành và bối cảnh đường/cửa hàng quần áo.",2026-06-06T19:17:21+00:00
381,00000000381.jpg,True,False,correct,specific,False,False,False,False,False,chợ,chợ,"Prediction đúng bối cảnh khu chợ và nhiều người, nhưng còn chung chung vì bỏ sót hàng hoá và hoạt động trao đổi/mua bán được nhấn mạnh trong reference.",2026-06-06T19:17:57+00:00
386,00000000386.jpg,True,False,partial,specific,False,False,False,False,False,,,"ViG mô tả đúng một số chi tiết như sông; bỏ sót/giảm nhẹ các chi tiết thuyền, đậu, cạnh, nhau và phố; lệch sang các chi tiết đường.",2026-06-06T20:42:41+00:00
396,00000000396.jpg,True,False,correct,specific,False,False,False,False,False,,,"ViG mô tả đúng một số chi tiết như hàng và quầy; bỏ sót/giảm nhẹ các chi tiết gói, gian_hàng, bày, cầm và tay; lệch sang các chi tiết hai.",2026-06-06T20:42:50+00:00
403,00000000403.jpg,True,False,correct,specific,False,False,False,False,False,nón_lá,nón_lá,"Prediction đã nhắc đúng marker văn hóa `nón_lá`, nhưng bỏ sót các chi tiết cây, cầu và váy cam; đồng thời thêm bối cảnh “trên sông”.",2026-06-06T19:18:32+00:00
404,00000000404.jpg,True,False,wrong,generic,False,True,True,True,False,,,"ViG chưa khớp rõ với các chi tiết chính trong ảnh; bỏ sót/giảm nhẹ các chi tiết tủ, đồ_ăn, đội, mũ_bảo_hiểm và trắng; lệch sang các chi tiết túi.",2026-06-06T20:43:02+00:00
414,00000000414.jpg,True,False,correct,specific,False,False,False,False,False,,,"ViG mô tả đúng một số chi tiết như cửa_hàng; bỏ sót/giảm nhẹ các chi tiết giày, trưng_bày, chụp, đôi và giày_dép.",2026-06-06T20:43:15+00:00
415,00000000415.jpg,True,False,partial,specific,True,False,False,False,False,đèn_lồng,,"Prediction chỉ mô tả chung là mặt trước của một ngôi nhà, nhưng bỏ sót yếu tố văn hóa `đèn_lồng` và các chi tiết quan trọng như tòa nhà cũ, tường vàng.",2026-06-06T19:19:16+00:00
419,00000000419.jpg,True,False,correct,specific,False,False,False,False,False,,,"ViG mô tả đúng một số chi tiết như quần_áo, cửa_hàng, mặt_hàng và bày_bán; bỏ sót/giảm nhẹ các chi tiết hai, treo, quầy và hàng.",2026-06-06T20:43:20+00:00
428,00000000428.jpg,True,False,wrong,generic,True,True,True,True,False,hàng_rong,,"Prediction lệch trọng tâm khi chỉ mô tả một người đàn ông cầm bó hoa, trong khi reference nhấn mạnh cảnh người bán hàng rong di chuyển trên đường phố; bỏ sót yếu tố văn hóa `hàng_rong`.",2026-06-06T19:20:20+00:00
429,00000000429.jpg,True,False,wrong,generic,False,True,False,True,False,,,"ViG chưa khớp rõ với các chi tiết chính trong ảnh; bỏ sót/giảm nhẹ các chi tiết vỉa_hè, ấm_chén, nhóm, trưng_bày và khu_vực; lệch sang các chi tiết một_vài, căn và nhà.",2026-06-06T20:43:34+00:00
452,00000000452.png,True,False,unsure,generic,False,True,False,False,False,,,"ViG chưa khớp rõ với các chi tiết chính trong ảnh; bỏ sót/giảm nhẹ các chi tiết mỉm, cười, áo, nâu và quầy; lệch sang các chi tiết bàn.",2026-06-06T20:43:46+00:00
454,00000000454.jpg,True,False,correct,specific,False,False,False,False,False,,,"ViG mô tả đúng một số chi tiết như đường, một_vài và di_chuyển; bỏ sót/giảm nhẹ các chi tiết làng, cổng, bộ và sông.",2026-06-06T20:43:52+00:00
472,00000000472.jpg,True,False,wrong,generic,False,False,False,True,True,,,"ViG mô tả đúng một số chi tiết như đồ và trang_trí; bỏ sót/giảm nhẹ các chi tiết mặt_hàng, cửa_hàng, bày_bán và khu_vực; lệch sang các chi tiết quầy, hàng, bán và giáng_sinh.",2026-06-06T20:44:07+00:00
488,00000000488.jpg,True,False,wrong,unsure,False,False,True,True,False,,,"ViG mô tả đúng một số chi tiết như hai, hàng và quầy; bỏ sót/giảm nhẹ các chi tiết cùng, nhau, mua, siêu_thị và cạnh.",2026-06-06T20:44:21+00:00
490,00000000490.jpg,True,False,partial,generic,False,False,False,True,False,,,"ViG chưa khớp rõ với các chi tiết chính trong ảnh; bỏ sót/giảm nhẹ các chi tiết cặp, đôi, mỗi, ba và chụp; lệch sang các chi tiết nắm, tay và nhau.",2026-06-06T20:44:41+00:00
493,00000000493.jpg,True,False,wrong,generic,False,True,False,True,False,,áo_dài,"ViG mô tả đúng một số chi tiết như mặc; bỏ sót/giảm nhẹ các chi tiết tạo_dáng, chụp, áo, đen và xa_xa; sinh thêm cultural term áo_dài không phù hợp với ảnh; lệch sang các chi tiết áo_dài và cầu.",2026-06-06T20:44:59+00:00
507,00000000507.jpg,True,False,partial,specific,False,True,False,False,False,,,"ViG chưa khớp rõ với các chi tiết chính trong ảnh; bỏ sót/giảm nhẹ các chi tiết cửa_sổ, loại, hàng_hoá, khu_vực và căn.",2026-06-06T20:58:56+00:00
509,00000000509.jpg,True,False,partial,specific,True,False,False,False,False,khu_di_tích;ngôi_chùa,khu_di_tích;di_tích_lịch_sử,"Prediction mô tả đúng bối cảnh chung là khu di tích/lịch sử, nhưng còn quá khái quát và bỏ sót cultural entity cụ thể `ngôi_chùa` cùng các chi tiết như lối đi, cửa và nhóm người di chuyển.",2026-06-06T19:21:52+00:00
510,00000000510.jpg,True,False,correct,specific,False,False,False,False,False,,,"ViG mô tả đúng một số chi tiết như hai và hàng; bỏ sót/giảm nhẹ các chi tiết hộp, xanh, dương, tay và mặc;",2026-06-06T20:45:39+00:00
520,00000000520.jpg,True,False,correct,specific,False,False,False,False,False,,,"ViG mô tả đúng một số chi tiết như ngôi, nhà và cũ; bỏ sót/giảm nhẹ các chi tiết vỉa_hè, khu_vực và khu_phố.",2026-06-06T20:45:50+00:00
522,00000000522.jpg,True,False,partial,specific,False,False,False,False,False,,,"ViG mô tả đúng một số chi tiết như bày_bán và cửa_hàng; bỏ sót/giảm nhẹ các chi tiết kính, quầy, hàng, bán_kính và loại; lệch sang các chi tiết mặt_hàng, đồ và trang_trí.",2026-06-06T20:46:02+00:00
528,00000000528.jpg,True,False,correct,specific,False,False,False,False,False,,,"ViG mô tả đúng một số chi tiết như kệ; bỏ sót/giảm nhẹ các chi tiết mặc, áo, đỏ, tay và hộp;",2026-06-06T20:46:25+00:00
534,00000000534.jpg,True,False,partial,specific,True,False,False,False,False,chợ;chợ_đêm,,"Prediction quá chung khi chỉ mô tả nhiều người di chuyển trên đường, trong khi bối cảnh `chợ_đêm`, cửa hàng quần áo và hoạt động bán hàng.",2026-06-06T19:22:32+00:00
556,00000000556.jpg,True,False,wrong,unsure,False,False,True,True,False,,,"ViG mô tả đúng một số chi tiết như quầy và hàng; bỏ sót/giảm nhẹ các chi tiết hai, đông_lạnh, đồ và siêu_thị; lệch sang các chi tiết mặc, áo và đen.",2026-06-06T20:46:43+00:00
557,00000000557.jpg,True,False,correct,specific,False,False,False,False,False,,,"ViG mô tả đúng một số chi tiết như tàu, di_chuyển và biển; bỏ sót/giảm nhẹ các chi tiết chụp, mặt_nước, lại, thuyền và trắng.",2026-06-06T20:46:55+00:00
560,00000000560.jpg,True,False,partial,specific,True,False,False,False,False,chợ;cờ,chợ,"Prediction đúng bối cảnh chung là phía trước khu chợ, nhưng còn khái quát và bỏ sót các chi tiết như cổng chợ, lá cờ treo và marker văn hóa `cờ`.",2026-06-06T19:23:27+00:00
563,00000000563.jpg,True,False,partial,generic,True,True,False,False,False,áo_dài,,"Prediction mô tả đúng bối cảnh chung là nhóm người trên sân khấu, nhưng quá khái quát và bỏ sót yếu tố văn hóa `áo_dài` cùng chi tiết các ông cụ mặc áo dài đen và trống.",2026-06-06T19:24:21+00:00
578,00000000578.jpg,True,False,partial,specific,True,False,False,False,False,chợ,,"Prediction đúng đối tượng quần áo được bày bán, nhưng lệch bối cảnh từ quầy hàng/khu chợ thành cửa hàng chung chung; bỏ sót marker `chợ`.",2026-06-06T19:25:14+00:00
579,00000000579.jpg,True,False,partial,specific,True,False,False,False,False,cờ,,"Prediction đúng bối cảnh đường phố và hoạt động di chuyển, nhưng quá chung khi dùng “phương tiện giao thông” thay vì nhóm xe máy; đồng thời bỏ sót chi tiết cột treo cờ và marker `cờ` .",2026-06-06T19:26:05+00:00
582,00000000582.jpg,True,False,correct,specific,False,False,False,False,False,,,,2026-06-06T19:26:37+00:00
588,00000000588.jpg,True,False,wrong,unsure,False,True,True,True,False,,,"ViG chưa khớp rõ với các chi tiết chính trong ảnh; bỏ sót/giảm nhẹ các chi tiết đặt, cầu_trượt, bãi, cỏ và sân_chơi; lệch sang các chi tiết vỉa_hè và hai.",2026-06-06T20:47:10+00:00
608,00000000608.jpg,True,False,correct,specific,False,False,False,False,False,,,"ViG mô tả đúng một số chi tiết như cây, thông và noel; bỏ sót/giảm nhẹ các chi tiết sảnh, toà, nhà, khu_vực và đặt.",2026-06-06T20:47:19+00:00
623,00000000623.jpg,True,False,wrong,unsure,False,False,True,True,False,,khu_di_tích;di_tích_lịch_sử,"ViG chưa khớp rõ với các chi tiết chính trong ảnh; bỏ sót/giảm nhẹ các chi tiết thác, nước, vui_chơi, chân và chụp; sinh thêm cultural term di_tích_lịch_sử và khu_di_tích không phù hợp với ảnh; lệch sang các chi tiết khu, di_tích và lịch_sử.",2026-06-06T20:47:43+00:00
630,00000000630.jpg,True,False,partial,generic,True,True,False,False,False,đèn_lồng;ghe,,"Prediction đúng chủ thể và bối cảnh thuyền trên mặt nước, nhưng còn khái quát và bỏ sót các chi tiết quan trọng như `ghe`, `đèn_lồng` và khu vực bờ sông.",2026-06-06T19:27:48+00:00
653,00000000653.jpg,True,False,partial,generic,True,True,False,False,False,khu_di_tích,,"Prediction đúng bối cảnh công trình lịch sử và có người phía trước, nhưng còn khái quát, bỏ sót chi tiết cổng `khu_di_tích` và trang phục áo đen.",2026-06-06T19:28:47+00:00
657,00000000657.jpg,True,False,partial,specific,False,False,False,False,False,,,"ViG mô tả đúng một số chi tiết như siêu_thị; bỏ sót/giảm nhẹ các chi tiết sữa, hàng, kệ, mặt_hàng và bày_bán.",2026-06-06T20:47:55+00:00
672,00000000672.jpg,True,False,correct,specific,False,False,False,False,False,,,"ViG mô tả đúng một số chi tiết như thịt, quầy và hàng; bỏ sót/giảm nhẹ các chi tiết mặc, áo, trắng, cầm và tay.",2026-06-06T20:48:01+00:00
676,00000000676.jpg,True,False,partial,generic,False,False,False,False,False,,khu_di_tích;di_tích_lịch_sử,"ViG chưa khớp rõ với các chi tiết chính trong ảnh; bỏ sót/giảm nhẹ các chi tiết mỏm, đá, tách, rời và nhau; sinh thêm cultural term di_tích_lịch_sử và khu_di_tích không phù hợp với ảnh; lệch sang các chi tiết khu, di_tích và lịch_sử.",2026-06-06T20:48:22+00:00
682,00000000682.jpg,True,False,correct,specific,False,False,False,False,False,,,ViG mô tả đúng một số chi tiết như trưng_bày;,2026-06-06T20:48:43+00:00
693,00000000693.jpg,True,False,correct,specific,False,False,False,False,False,,,"ViG mô tả đúng một số chi tiết như đồ, trang_trí, giáng_sinh và món; bỏ sót/giảm nhẹ các chi tiết hàng, quầy, cầm, một_vài và dứng",2026-06-06T20:48:54+00:00
702,00000000702.jpg,True,False,wrong,specific,False,False,True,True,False,,,"ViG mô tả đúng một số chi tiết như cầm; bỏ sót/giảm nhẹ các chi tiết đội, mũ, đen, máy_ảnh và tường; lệch sang các chi tiết điện_thoại.",2026-06-06T20:49:05+00:00
706,00000000706.jpg,True,False,wrong,specific,False,False,True,True,False,,,"ViG mô tả đúng một số chi tiết như mặc, áo và quầy; bỏ sót/giảm nhẹ các chi tiết hai, vàng, tờ, giấy và đen; lệch sang các chi tiết xanh, tính và tiền.",2026-06-06T20:49:24+00:00
709,00000000709.jpg,True,False,wrong,generic,False,True,False,False,True,,,"ViG chưa khớp rõ với các chi tiết chính trong ảnh; bỏ sót/giảm nhẹ các chi tiết nhà, tầng, thượng, toà và cao_tầng; lệch sang các chi tiết lưng.",2026-06-06T20:49:36+00:00
718,00000000718.jpg,True,False,wrong,unsure,False,True,False,True,False,,,"ViG chưa khớp rõ với các chi tiết chính trong ảnh; bỏ sót/giảm nhẹ các chi tiết rượu, bậc, thang, uống và tay; lệch sang các chi tiết tường và tranh.",2026-06-06T20:49:58+00:00
719,00000000719.jpg,True,False,correct,specific,False,False,False,False,False,,,"ViG mô tả đúng một số chi tiết như đồ, bày_bán, cửa_hàng và mặt_hàng; bỏ sót/giảm nhẹ các chi tiết lưu_niệm, quầy, hàng, hai và một_vài; lệch sang các chi tiết trang_trí.",2026-06-06T20:50:05+00:00
736,00000000736.jpg,True,False,wrong,unsure,False,False,True,True,False,,,"ViG chưa khớp rõ với các chi tiết chính trong ảnh; bỏ sót/giảm nhẹ các chi tiết ô, đầu, ngõ, cầm và di_chuyển; lệch sang các chi tiết tường và tranh.",2026-06-06T20:50:18+00:00
747,00000000747.jpg,True,False,wrong,specific,False,False,False,True,False,,,"ViG mô tả đúng một số chi tiết như một_vài; bỏ sót/giảm nhẹ các chi tiết gian_hàng, tụ_tập, nhóm, mặt_hàng và bày_bán; lệch sang các chi tiết cửa_hàng.",2026-06-06T20:50:32+00:00
749,00000000749.jpg,True,False,wrong,unsure,False,True,False,True,False,,,"ViG chưa khớp rõ với các chi tiết chính trong ảnh; bỏ sót/giảm nhẹ các chi tiết đội, mũ, vàng, bãi và rác; lệch sang các chi tiết một_vài và thuyền.",2026-06-06T20:50:45+00:00
756,00000000756.jpg,True,False,correct,specific,False,False,False,False,False,,,"ViG mô tả đúng một số chi tiết như kệ và hàng; bỏ sót/giảm nhẹ các chi tiết sản_phẩm, chạm, tay, lựa_chọn và lựa.",2026-06-06T20:50:49+00:00
785,00000000785.jpg,True,False,correct,specific,False,False,False,False,False,,,"ViG mô tả đúng một số chi tiết như thanh_toán, khu_vực và siêu_thị; bỏ sót/giảm nhẹ các chi tiết áo, mặc, đen, quầy và tính.",2026-06-06T20:50:56+00:00
790,00000000790.jpg,True,False,wrong,unsure,False,False,True,True,False,,,"ViG chưa khớp rõ với các chi tiết chính trong ảnh; bỏ sót/giảm nhẹ các chi tiết trẻ, đứa, lan_can, nhóm và diều; lệch sang các chi tiết sông.",2026-06-06T20:51:10+00:00
814,00000000814.jpg,True,False,partial,specific,False,False,True,True,False,,,"ViG mô tả đúng một số chi tiết như rau, quầy, củ và quả; bỏ sót/giảm nhẹ các chi tiết tay, bó, hàng, chụp và siêu_thị.",2026-06-06T20:51:35+00:00
832,00000000832.jpg,True,False,partial,specific,False,False,True,True,False,,,"ViG mô tả đúng một số chi tiết như mặc, áo và đen; bỏ sót/giảm nhẹ các chi tiết quầy, hàng, ăn_uống, mỉm và cười; lệch sang các chi tiết cầm, tay và bàn.",2026-06-06T20:51:46+00:00
834,00000000834.jpg,True,False,correct,specific,False,False,False,False,False,,,"ViG mô tả đúng một số chi tiết như xe, đẩy và siêu_thị; bỏ sót/giảm nhẹ các chi tiết hai, quầy, hàng, trò_chuyện và nhau.",2026-06-06T20:51:57+00:00
843,00000000843.jpg,True,False,partial,specific,True,False,True,False,False,khu_phố_cổ,,"Prediction lệch trọng tâm khi mô tả người đàn ông mặc áo trắng trên đường, trong khi trong ảnh có tòa nhà, ban công, đèn và bối cảnh `khu_phố_cổ`.",2026-06-06T19:30:10+00:00
848,00000000848.jpg,True,False,correct,specific,False,False,False,False,False,,,"ViG mô tả đúng một số chi tiết như đường, xe_máy và di_chuyển; bỏ sót/giảm nhẹ các chi tiết hai, xe_đạp, chụp và dựng; lệch sang các chi tiết một_vài.",2026-06-06T20:52:04+00:00
854,00000000854.jpg,True,False,correct,specific,False,False,False,False,False,,,"ViG mô tả đúng một số chi tiết như đường, một_vài và di_chuyển; bỏ sót/giảm nhẹ các chi tiết xe_cộ, nhóm, lưu_thông, toà và nhà;",2026-06-06T20:52:17+00:00
876,00000000876.jpg,True,False,correct,specific,False,False,False,False,False,,,"ViG mô tả đúng một số chi tiết như hàng và quầy; bỏ sót/giảm nhẹ các chi tiết sạp, mặc, áo, đen và ví;",2026-06-06T20:52:34+00:00
893,00000000893.jpg,True,False,correct,specific,False,False,False,False,False,,,,2026-06-06T19:29:31+00:00
908,00000000908.jpg,True,False,correct,specific,False,False,False,False,False,,,"ViG mô tả đúng một số chi tiết như cửa_hàng, đồ, trang_trí và mặt_hàng; bỏ sót/giảm nhẹ các chi tiết bán, treo, nhìn và ngoài;",2026-06-06T20:52:49+00:00
920,00000000920.jpg,True,False,correct,specific,False,False,False,False,False,chợ,chợ,,2026-06-06T19:30:31+00:00
926,00000000926.jpg,True,False,correct,specific,False,False,False,False,False,chợ,chợ,,2026-06-06T19:30:44+00:00
933,00000000933.jpg,True,False,correct,specific,False,False,False,False,False,đèn_lồng,đèn_lồng,,2026-06-06T19:31:10+00:00
939,00000000939.jpg,True,False,correct,specific,False,False,False,False,False,khu_di_tích,khu_di_tích,,2026-06-06T19:31:41+00:00
952,00000000952.jpg,True,False,correct,specific,False,False,False,False,False,,,"ViG mô tả đúng một số chi tiết như quầy và hàng; bỏ sót/giảm nhẹ các chi tiết một_vài, gian_hàng, mặc, áo và cam.",2026-06-06T20:53:00+00:00
978,00000000978.jpg,True,False,wrong,unsure,False,False,False,False,False,,,"ViG chưa khớp rõ với các chi tiết chính trong ảnh; bỏ sót/giảm nhẹ các chi tiết mặc, áo, trái_cây, xanh và cầm; lệch sang các chi tiết quầy, hàng, rau, củ và quả.",2026-06-06T20:53:20+00:00
992,00000000992.jpg,True,False,partial,generic,False,True,False,False,False,,,"ViG mô tả đúng một số chi tiết như tượng; bỏ sót/giảm nhẹ các chi tiết khủng_long, bảo_tàng, mô_hình, cửa và trưng_bày; lệch sang các chi tiết toà và nhà.",2026-06-06T20:53:31+00:00
1004,00000001004.jpg,True,False,correct,specific,False,False,False,False,False,,,"ViG mô tả đúng một số chi tiết như tấm và bia; bỏ sót/giảm nhẹ các chi tiết hang_động, cửa, đá, hang và đặt.",2026-06-06T20:53:37+00:00
1029,00000001029.jpg,True,False,correct,specific,False,False,False,False,False,,,"ViG mô tả đúng một số chi tiết như mô_hình và xe_tăng; bỏ sót/giảm nhẹ các chi tiết căn, phòng và trưng_bày.",2026-06-06T20:53:43+00:00
1052,00000001052.jpg,True,False,partial,specific,False,False,False,False,False,,,"ViG mô tả đúng một số chi tiết như căn; bỏ sót/giảm nhẹ các chi tiết cửa_sổ, bà, lão, ghế và gỗ; lệch sang các chi tiết nhà.",2026-06-06T20:54:06+00:00
1055,00000001055.jpg,True,False,wrong,specific,False,False,False,False,True,,,"ViG mô tả đúng một số chi tiết như hàng; bỏ sót/giảm nhẹ các chi tiết cậu, bé, sữa, đeo và kính; lệch sang các chi tiết kệ.",2026-06-06T20:54:14+00:00
1096,00000001096.jpg,True,False,correct,specific,False,False,False,False,False,nón_lá,nón_lá,,2026-06-06T19:31:54+00:00
1100,00000001100.jpg,True,False,wrong,generic,False,True,False,True,False,,,"ViG chưa khớp rõ với các chi tiết chính trong ảnh; bỏ sót/giảm nhẹ các chi tiết nam, thanh_niên, sạp, hàng và đường; lệch sang các chi tiết dắt, theo và xe_máy.",2026-06-06T20:54:22+00:00
1106,00000001106.jpg,True,False,correct,specific,False,False,False,False,False,đèn_lồng,đèn_lồng,,2026-06-06T19:33:12+00:00
1109,00000001109.jpg,True,False,correct,specific,False,False,False,False,False,,,"ViG mô tả đúng một số chi tiết như đôi, nhau, phố và cặp; bỏ sót/giảm nhẹ các chi tiết bạn, trẻ, căn, nhà và tạo_dáng;",2026-06-06T20:54:33+00:00
1117,00000001117.jpg,True,False,partial,specific,False,False,False,False,True,,,"ViG chưa khớp rõ với các chi tiết chính trong ảnh; bỏ sót/giảm nhẹ các chi tiết lối, di_chuyển, cây_xanh và hai; lệch sang các chi tiết bộ và đường.",2026-06-06T20:54:50+00:00
1132,00000001132.jpg,True,False,wrong,unsure,False,True,True,True,False,,đèn_lồng,"ViG mô tả đúng một số chi tiết như cầm và tay; bỏ sót/giảm nhẹ các chi tiết bánh_mì, vàng, bàn_tay, lấy và đeo; sinh thêm cultural term đèn_lồng không phù hợp với ảnh; lệch sang các chi tiết đèn_lồng.",2026-06-06T20:55:10+00:00
1167,00000001167.jpg,True,False,wrong,specific,True,False,False,False,False,khu_di_tích,chợ,"Prediction lệch bối cảnh từ `khu_di_tích` trong ảnh sang `chợ`; bỏ sót cổng di tích, xe đạp và người di chuyển. Cần review ảnh để xác định `chợ` là chi tiết đúng thêm hay cultural hallucination.",2026-06-06T19:36:33+00:00
1184,00000001184.jpg,True,False,wrong,unsure,False,True,True,True,False,,áo_dài,"ViG mô tả đúng một số chi tiết như mặc; bỏ sót/giảm nhẹ các chi tiết ban_công, váy, trắng, chụp và toà; sinh thêm cultural term áo_dài không phù hợp với ảnh; lệch sang các chi tiết áo_dài và đường.",2026-06-06T20:55:24+00:00
1185,00000001185.jpg,True,False,correct,specific,False,False,False,False,False,nón_lá,nón_lá,,2026-06-06T19:36:46+00:00
1191,00000001191.jpg,True,False,partial,specific,True,False,False,False,False,chợ,,"Prediction đúng rau củ quả và hoạt động bày bán, nhưng bỏ sót bối cảnh `chợ`/sạp hàng trong ảnh, khiến mô tả còn chung chung.",2026-06-06T19:37:35+00:00
1219,00000001219.jpg,True,False,correct,specific,False,False,False,False,False,khu_di_tích,khu_di_tích,,2026-06-06T19:37:46+00:00
1274,00000001274.jpg,True,False,wrong,specific,False,False,True,True,False,,,"ViG chưa khớp rõ với các chi tiết chính trong ảnh; bỏ sót/giảm nhẹ các chi tiết núi, đám, mây, dãy và trắng; lệch sang các chi tiết bãi và cỏ.",2026-06-06T20:55:34+00:00
1279,00000001279.jpg,True,False,correct,specific,False,False,False,False,False,,,"ViG mô tả đúng một số chi tiết như thịt, quầy và hàng; bỏ sót/giảm nhẹ các chi tiết đeo, miếng, tạp_dề, hoa và bán;",2026-06-06T20:55:51+00:00
1287,00000001287.jpeg,True,False,correct,specific,False,False,False,False,False,,,"ViG mô tả đúng một số chi tiết như thanh_toán và siêu_thị; bỏ sót/giảm nhẹ các chi tiết quầy, mặc, áo, xanh và tính;",2026-06-06T20:56:00+00:00
1291,00000001291.jpg,True,False,partial,generic,True,True,False,False,False,cờ,,"Prediction chỉ mô tả một người đàn ông trên vỉa hè, nhưng bỏ sót các chi tiết quan trọng trong ảnh như dắt em bé, nhà và marker `cờ`.",2026-06-06T19:38:39+00:00
1299,00000001299.jpg,True,False,wrong,unsure,False,True,True,True,False,,,"ViG chưa khớp rõ với các chi tiết chính trong ảnh; bỏ sót/giảm nhẹ các chi tiết hai, lặn, rặng, san_hô và thợ; lệch sang các chi tiết sân.",2026-06-06T20:56:14+00:00
1302,00000001302.jpg,True,False,partial,generic,True,True,False,False,False,nón_lá,,"Prediction đúng chủ thể và bối cảnh gần sông, nhưng còn chung chung và bỏ sót các chi tiết trong ảnh như lan can cầu, đặc biệt là marker văn hóa `nón_lá`.",2026-06-06T19:39:36+00:00
1308,00000001308.jpg,True,False,wrong,generic,False,True,True,True,False,,,"ViG mô tả đúng một số chi tiết như cửa_hàng; bỏ sót/giảm nhẹ các chi tiết tấm, bảng_hiệu, đen, nền và dòng; lệch sang các chi tiết một_vài, xe_máy và dựng.",2026-06-06T20:56:29+00:00
1335,00000001335.jpg,True,False,correct,specific,False,False,False,False,False,xích_lô,xích_lô,"Prediction đã nhắc đúng marker văn hóa `xích_lô`, nhưng còn khái quát và bỏ sót các chi tiết như đoàn xe nối đuôi nhau trên phố và `mặt_nạ` treo trong reference.",2026-06-06T19:39:21+00:00
1339,00000001339.jpg,True,False,partial,specific,True,False,False,False,False,cờ,,"Prediction mô tả chung chung là hàng hoá trên kệ, nhưng bỏ sót các chi tiết quan trọng trong ảnh như hai quầy hàng và marker văn hóa `cờ`.",2026-06-06T19:41:26+00:00
1358,00000001358.jpg,True,False,wrong,unsure,False,True,False,True,False,,,"ViG mô tả đúng một số chi tiết như vỉa_hè; bỏ sót/giảm nhẹ các chi tiết hai, xe_máy, nhóm, dựng và lề_đường; lệch sang các chi tiết cặp, đôi, nắm, tay và nhau.",2026-06-06T20:56:39+00:00
1359,00000001359.jpg,True,False,correct,specific,False,False,False,False,False,,,"ViG mô tả đúng một số chi tiết như hàng và nhóm; bỏ sót/giảm nhẹ các chi tiết đeo, kính, cầm, tay và chai; lệch sang các chi tiết kệ.",2026-06-06T20:56:44+00:00
1364,00000001364.jpg,True,False,partial,generic,False,False,True,True,False,,,"ViG mô tả đúng một số chi tiết như cửa_hàng, mặt_hàng và bày_bán; bỏ sót/giảm nhẹ các chi tiết giày_dép, túi, một_vài, bán và mua; lệch sang các chi tiết đồ và trang_trí.",2026-06-06T20:57:02+00:00
1370,00000001370.jpg,True,False,wrong,unsure,False,True,True,True,False,,,"ViG chưa khớp rõ với các chi tiết chính trong ảnh; bỏ sót/giảm nhẹ các chi tiết bậc, thang, toà, nhà và nam; lệch sang các chi tiết tạo_dáng, chụp và tập_thể.",2026-06-06T20:57:15+00:00
1373,00000001373.jpg,True,False,correct,specific,False,False,False,False,False,chợ,chợ,,2026-06-06T19:40:01+00:00
1384,00000001384.jpg,True,False,correct,generic,True,True,False,False,False,xuồng;ghe;thuyền,thuyền,,2026-06-06T20:34:11+00:00
1389,00000001389.jpg,True,False,wrong,generic,False,True,True,True,False,,,"ViG mô tả đúng một số chi tiết như cầm; bỏ sót/giảm nhẹ các chi tiết mặc, áo, cam, tường và hồng; lệch sang các chi tiết micro.",2026-06-06T20:57:28+00:00
1396,00000001396.jpg,True,False,correct,specific,False,False,False,False,False,chợ,chợ,,2026-06-06T19:42:06+00:00
1416,00000001416.jpg,True,False,correct,specific,False,False,False,False,False,,,"ViG mô tả đúng một số chi tiết như siêu_thị; bỏ sót/giảm nhẹ các chi tiết hàng, mặc, áo, đen và mua.",2026-06-06T20:57:32+00:00
1432,00000001432.jpg,True,False,wrong,unsure,False,True,True,False,False,,,"ViG mô tả đúng một số chi tiết như tranh; bỏ sót/giảm nhẹ các chi tiết bảng_màu, hai, góc, phố và cây_bút; lệch sang các chi tiết treo và tường.",2026-06-06T20:57:45+00:00
1434,00000001434.jpg,True,False,partial,generic,True,True,False,False,False,ghe,,"Prediction đúng nhóm người, hành động di chuyển và bối cảnh sông nước, nhưng còn chung chung vì bỏ sót phương tiện cụ thể `ghe` và bối cảnh khu rừng trong ảnh.",2026-06-06T19:42:40+00:00
1448,00000001448.jpg,True,False,wrong,specific,False,False,True,True,True,,,"ViG mô tả đúng một số chi tiết như tay; bỏ sót/giảm nhẹ các chi tiết túi, cầm, nhóm, đều và giày;",2026-06-06T20:58:05+00:00
1464,00000001464.jpg,True,False,partial,generic,False,True,False,False,False,,,"ViG mô tả đúng một số chi tiết như siêu_thị; bỏ sót/giảm nhẹ các chi tiết nhóm, công_an, kiểm_tra, hàng_hoá và quầy",2026-06-06T20:58:18+00:00
1471,00000001471.jpg,True,False,wrong,specific,False,False,True,True,False,,,"ViG chưa khớp rõ với các chi tiết chính trong ảnh; bỏ sót/giảm nhẹ các chi tiết dắt, xe_đạp, cây, cầu và gỗ; lệch sang các chi tiết mặc, áo, trắng và đường.",2026-06-06T20:58:27+00:00
1481,00000001481.jpg,True,False,correct,specific,False,False,False,False,False,,,"ViG mô tả đúng một số chi tiết như tranh, trưng_bày và tường; bỏ sót/giảm nhẹ các chi tiết căn, phòng, treo, hiện_vật và bố_trí.",2026-06-06T20:59:20+00:00
1487,00000001487.jpg,True,False,correct,specific,False,False,False,False,False,,,"ViG mô tả đúng một số chi tiết như cây và cầu; bỏ sót/giảm nhẹ các chi tiết mặc, đồ, đen, tạo_dáng và chụp.",2026-06-06T20:59:25+00:00
1557,00000001557.jpg,True,False,wrong,specific,False,False,False,True,False,,,"ViG mô tả đúng một số chi tiết như nhà và ngôi; bỏ sót/giảm nhẹ các chi tiết cõng, cặp, đôi, nhau và tường.",2026-06-06T20:59:33+00:00
1573,00000001573.jpg,True,False,wrong,specific,False,False,False,True,False,,,"ViG mô tả đúng một số chi tiết như đường và di_chuyển; bỏ sót/giảm nhẹ các chi tiết mặc, ô_tô, nhóm, đồ và bảo_hộ; lệch sang các chi tiết một_vài và xe_máy.",2026-06-06T20:59:43+00:00
1611,00000001611.jpg,True,False,correct,specific,False,False,False,False,False,,,"ViG mô tả đúng một số chi tiết như xe_máy, vỉa_hè và dựng; bỏ sót/giảm nhẹ các chi tiết nhà, đỗ, ngôi, phố và căn;",2026-06-06T21:00:00+00:00
1623,00000001623.jpg,True,False,wrong,generic,False,False,False,True,False,,,"ViG mô tả đúng một số chi tiết như tay; bỏ sót/giảm nhẹ các chi tiết hai, đào, cây, chậu và chạm; lệch sang các chi tiết mặc, áo và đen.",2026-06-06T21:00:10+00:00
1625,00000001625.jpg,True,False,correct,specific,False,False,False,False,False,,,"ViG mô tả đúng một số chi tiết như hàng; bỏ sót/giảm nhẹ các chi tiết rổ, xanh, lá, cây và loại;",2026-06-06T21:00:25+00:00
1674,00000001674.jpg,True,False,partial,specific,True,False,False,False,False,nón_lá,,"Prediction đúng bối cảnh đường phố và phương tiện đang di chuyển, nhưng còn chung chung khi chỉ mô tả “xe_cộ” và bỏ sót marker văn hóa `nón_lá` trong ảnh.",2026-06-06T19:44:06+00:00
1682,00000001682.jpg,True,False,correct,specific,False,False,False,False,False,khu_di_tích,khu_di_tích,,2026-06-06T19:43:41+00:00
1686,00000001686.jpg,True,False,correct,specific,False,False,False,False,False,,,,2026-06-06T19:44:56+00:00
1697,00000001697.jpg,True,False,correct,specific,False,False,False,False,False,chợ,chợ,,2026-06-06T19:45:06+00:00
1719,00000001719.jpg,True,False,correct,specific,False,False,False,False,False,,,"ViG mô tả đúng một số chi tiết như kệ, hàng và mặt_hàng; bỏ sót/giảm nhẹ các chi tiết nồi, ấm, đun, đồ_dùng và bếp;",2026-06-06T21:00:37+00:00
1724,00000001724.jpg,True,False,partial,specific,False,False,False,False,False,,,"ViG mô tả đúng một số chi tiết như hàng, xe, đẩy và siêu_thị; bỏ sót/giảm nhẹ các chi tiết xanh, mặc, áo, tay và gói; lệch sang các chi tiết kệ.",2026-06-06T21:00:51+00:00
1776,00000001776.jpg,True,False,correct,specific,False,False,False,False,False,,,"ViG mô tả đúng một số chi tiết như hàng, kệ, rau và củ; bỏ sót/giảm nhẹ các chi tiết khay, dưa_chuột, trưng_bày, quầy và siêu_thị;",2026-06-06T21:00:59+00:00
1806,00000001806.jpg,True,False,correct,specific,False,False,False,False,False,,,"ViG mô tả đúng một số chi tiết như quần_áo, cửa_hàng, mặt_hàng và bày_bán; bỏ sót/giảm nhẹ các chi tiết nhóm, mua, quầy và hàng.",2026-06-06T21:01:11+00:00
1812,00000001812.jpg,True,False,partial,generic,False,True,False,False,False,khu_di_tích,khu_di_tích,"ViG chưa khớp rõ với các chi tiết chính trong ảnh; bỏ sót/giảm nhẹ các chi tiết đá, nhóm, tấm, bia và ghế; sinh thêm cultural term khu_di_tích không phù hợp với ảnh; lệch sang các chi tiết khu và di_tích.",2026-06-06T21:01:42+00:00
1824,00000001824.jpg,True,False,correct,specific,False,False,False,False,False,,,"ViG mô tả đúng một số chi tiết như vỉa_hè; bỏ sót/giảm nhẹ các chi tiết ông, cây_cổ_thụ, khu_vực, theo và nhóm;",2026-06-06T21:01:53+00:00
1838,00000001838.jpg,True,False,correct,specific,False,False,False,False,False,,,"ViG mô tả đúng một số chi tiết như mặt_hàng, cửa_hàng và bày_bán; bỏ sót/giảm nhẹ các chi tiết quầy, hàng, loại, hàng_hoá và nhóm.",2026-06-06T21:01:59+00:00
1844,00000001844.jpg,True,False,wrong,generic,False,True,True,True,False,,,"ViG chưa khớp rõ với các chi tiết chính trong ảnh; bỏ sót/giảm nhẹ các chi tiết tủ, gỗ, xe_máy, lưng và chạm; lệch sang các chi tiết micro.",2026-06-06T21:02:11+00:00
1847,00000001847.jpg,True,False,partial,generic,True,True,False,False,False,xuồng;nón_lá,xuồng,"Prediction đúng phương tiện xuồng và bối cảnh mặt nước, nhưng còn khái quát và bỏ sót các chi tiết trong ảnh như dòng sông, bụi cây xanh hai bên và marker văn hóa nón_lá.",2026-06-06T20:34:28+00:00
1856,00000001856.jpg,True,False,partial,generic,True,True,False,False,False,nón_lá,,"ViG mô tả đúng một số chi tiết như đạp và xe; bỏ sót cultural term nón_lá; bỏ sót/giảm nhẹ các chi tiết cây, cầu, cánh, đồng và lúa; lệch sang các chi tiết đường.",2026-06-06T19:54:20+00:00
1859,00000001859.jpg,True,False,partial,generic,False,False,False,False,False,,,"ViG mô tả đúng một số chi tiết như xe_máy và đỗ; bỏ sót/giảm nhẹ các chi tiết tường, hẻm, tranh, vẽ và ngôi; lệch sang các chi tiết vỉa_hè.",2026-06-06T21:02:24+00:00
1867,00000001867.jpg,True,False,correct,specific,False,False,False,False,False,chợ,chợ,"ViG mô tả đúng cultural term chợ; bỏ sót/giảm nhẹ các chi tiết di_chuyển, chọn, ngô, đường và sạp.",2026-06-06T19:54:38+00:00
1874,00000001874.jpg,True,False,wrong,specific,False,False,True,True,False,,,"ViG mô tả đúng một số chi tiết như đường và mặc; bỏ sót/giảm nhẹ các chi tiết hàng_rào, tạo_dáng, một_vài, cầm và chùm; lệch sang các chi tiết đồ và đỏ.",2026-06-06T21:02:32+00:00
1877,00000001877.jpg,True,False,partial,generic,False,False,False,False,False,,,"ViG mô tả đúng một số chi tiết như đường và một_vài; bỏ sót/giảm nhẹ các chi tiết cây, hoa_màu, trắng, vỉa_hè và xe_buýt; lệch sang các chi tiết xe_máy và di_chuyển.",2026-06-06T21:02:43+00:00
1882,00000001882.jpg,True,False,wrong,unsure,False,True,False,True,False,,,"ViG chưa khớp rõ với các chi tiết chính trong ảnh; bỏ sót/giảm nhẹ các chi tiết bé, đứa, mặc, áo và cam; lệch sang các chi tiết bộ và vỉa_hè.",2026-06-06T21:02:53+00:00
1888,00000001888.jpg,True,False,wrong,generic,True,True,False,False,False,xuồng;nón_lá,,"ViG mô tả đúng một số chi tiết như di_chuyển và mặt_nước; bỏ sót cultural term nón_lá và xuồng; bỏ sót/giảm nhẹ các chi tiết xuồng, viền, xanh, nhóm và dòng; lệch sang các chi tiết một_vài.",2026-06-06T19:55:14+00:00
1889,00000001889.jpg,True,False,wrong,generic,False,False,False,True,False,,,"ViG mô tả đúng một số chi tiết như bàn; bỏ sót/giảm nhẹ các chi tiết ăn, nhóm, cùng, nhau và bát; lệch sang các chi tiết một_vài.",2026-06-06T21:03:05+00:00
1891,00000001891.jpg,True,False,partial,specific,False,False,False,False,True,nón_lá,nón_lá,"ViG mô tả đúng cultural term nón_lá; bỏ sót/giảm nhẹ các chi tiết hai, lúa, đồng, gặt và cánh.",2026-06-06T19:55:38+00:00
1898,00000001898.jpg,True,False,partial,specific,True,False,False,False,False,đèn_lồng;chợ,chợ,"ViG mô tả đúng cultural term chợ; bỏ sót cultural term đèn_lồng; bỏ sót/giảm nhẹ các chi tiết buổi, tối, đèn_lồng, treo và không.",2026-06-06T19:55:48+00:00
1899,00000001899.jpg,True,False,correct,specific,False,False,False,False,False,toà_thành_cổ;thành_cổ,toà_thành_cổ;thành_cổ,"ViG mô tả đúng cultural term toà_thành_cổ và thành_cổ; bỏ sót/giảm nhẹ các chi tiết hồ, gần, nước và khu_vực.",2026-06-06T19:56:03+00:00
1919,00000001919.jpg,True,False,wrong,generic,False,False,False,True,True,,,"ViG mô tả đúng một số chi tiết như nhóm; bỏ sót/giảm nhẹ các chi tiết lối, tượng, hai, di_chuyển và theo.",2026-06-06T21:03:15+00:00
1932,00000001932.jpg,True,False,partial,specific,False,False,False,False,False,,,"ViG mô tả đúng một số chi tiết như biển; bỏ sót/giảm nhẹ các chi tiết tấm, ván, tạo_dáng, lướt_ván và lướt_sóng.",2026-06-06T21:03:22+00:00
1935,00000001935.jpg,True,False,wrong,specific,False,False,True,True,False,,,"ViG mô tả đúng một số chi tiết như áo, xe và đẩy; bỏ sót/giảm nhẹ các chi tiết đỏ, hút, bụi, mặt và quầy; lệch sang các chi tiết mặc, đen và siêu_thị.",2026-06-06T21:03:33+00:00
1938,00000001938.jpg,True,False,partial,specific,False,False,False,False,False,,,"ViG mô tả đúng một số chi tiết như bàn; bỏ sót/giảm nhẹ các chi tiết bát, thức_ăn, tấm, kính và ăn_ở.",2026-06-06T21:03:48+00:00
1953,00000001953.jpg,True,False,correct,specific,False,False,False,False,False,,,"ViG chưa khớp rõ với các chi tiết chính trong ảnh; bỏ sót/giảm nhẹ các chi tiết đường, xe_máy, hàng, hai và đỗ; lệch sang các chi tiết vỉa_hè.",2026-06-06T21:04:03+00:00
1966,00000001966.jpg,True,False,partial,specific,False,False,False,False,False,,,"ViG mô tả đúng một số chi tiết như quầy và hàng; bỏ sót/giảm nhẹ các chi tiết tấm, biển, bán, đầu và quảng_cáo; lệch sang các chi tiết một_vài.",2026-06-06T21:04:15+00:00
1972,00000001972.jpg,True,False,correct,specific,False,False,False,False,False,,,"ViG mô tả đúng một số chi tiết như bộ, bàn_ghế, căn và gỗ; bỏ sót/giảm nhẹ các chi tiết nhà, ăn, cơm, gần và cầu_thang;",2026-06-06T21:04:28+00:00
1982,00000001982.jpg,True,False,correct,specific,False,False,False,False,False,,,"ViG mô tả đúng một số chi tiết như hiện_vật và trưng_bày; bỏ sót/giảm nhẹ các chi tiết tủ, kính, tường và treo;",2026-06-06T21:04:41+00:00
1996,00000001996.jpg,True,False,partial,generic,True,True,False,False,False,xuồng;chợ;thuyền,thuyền,"ViG mô tả đúng một số chi tiết như thuyền và một_vài; bỏ sót cultural term chợ và xuồng; bỏ sót/giảm nhẹ các chi tiết chở, chợ_nổi, hoa_quả, hàng_hoá và xuồng.",2026-06-06T20:34:54+00:00
1998,00000001998.jpg,True,False,wrong,specific,False,False,True,True,False,nón_lá,nón_lá,"ViG mô tả đúng cultural term nón_lá nhưng lại mô tả hành động sai là ""di_chuyển"" trên đường.",2026-06-06T19:56:53+00:00
2006,00000002006.jpg,True,False,correct,specific,False,False,False,False,False,,,"ViG mô tả đúng một số chi tiết như xe_máy; bỏ sót/giảm nhẹ các chi tiết quán, ăn, xếp_hàng, đám và đông;",2026-06-06T21:04:51+00:00
2007,00000002007.jpg,True,False,partial,generic,False,False,False,False,False,,,"ViG chưa khớp rõ với các chi tiết chính trong ảnh; bỏ sót/giảm nhẹ các chi tiết quán, ăn, nhóm, xếp_hàng và thành;",2026-06-06T21:05:07+00:00
2013,00000002013.jpg,True,False,wrong,generic,False,True,False,True,False,,,"ViG chưa khớp rõ với các chi tiết chính trong ảnh; bỏ sót/giảm nhẹ các chi tiết nhà, ngôi, chụp, trái và cao_tầng; lệch sang các chi tiết một_vài.",2026-06-06T21:05:22+00:00
2026,00000002026.jpg,True,False,partial,specific,False,False,True,False,False,,,"ViG mô tả đúng một số chi tiết như đồ, trang_trí, bày_bán và đường; bỏ sót/giảm nhẹ các chi tiết hàng, món, trung_thu, sạp và dịp; lệch sang các chi tiết mặt_hàng và hai.",2026-06-06T21:05:39+00:00
2033,00000002033.jpg,True,False,wrong,generic,False,True,False,True,False,,,"ViG chưa khớp rõ với các chi tiết chính trong ảnh; bỏ sót/giảm nhẹ các chi tiết mặc, váy, cưới, nam và thanh_niên; lệch sang các chi tiết cặp, đôi, di_chuyển và đường.",2026-06-06T21:05:49+00:00
2037,00000002037.jpg,True,False,correct,specific,False,False,False,False,False,,,"ViG mô tả đúng một số chi tiết như đồ, trang_trí, cửa_hàng và mặt_hàng;",2026-06-06T21:06:12+00:00
2051,00000002051.jpg,True,False,partial,generic,False,False,False,True,False,,,ViG chưa khớp rõ với các chi tiết chính trong ảnh;,2026-06-06T21:06:33+00:00
2053,00000002053.jpg,True,False,partial,generic,False,False,True,False,False,,,"ViG chưa khớp rõ với các chi tiết chính trong ảnh; bỏ sót/giảm nhẹ các chi tiết vác, túi, hồng, góc và phố",2026-06-06T21:07:03+00:00
2055,00000002055.jpg,True,False,partial,specific,False,False,False,True,False,,,"ViG mô tả đúng một số chi tiết như siêu_thị, đẩy và xe; bỏ sót/giảm nhẹ các chi tiết cặp, đôi, nhau, cùng và mặc.",2026-06-06T21:07:19+00:00
2057,00000002057.jpg,True,False,correct,specific,False,False,False,False,False,,,"ViG mô tả đúng một số chi tiết như kệ và hàng; bỏ sót/giảm nhẹ các chi tiết sắp_xếp, hàng_hoá, để, một_vài và ngồi_xổm.",2026-06-06T21:07:26+00:00
2058,00000002058.jpg,True,False,wrong,unsure,False,False,True,True,False,,,"ViG mô tả đúng một số chi tiết như đỏ; bỏ sót/giảm nhẹ các chi tiết tấm, biển, hai, quảng_cáo và mặt; lệch sang các chi tiết mặc, áo và túi.",2026-06-06T21:07:35+00:00
2060,00000002060.jpg,True,False,correct,specific,False,False,False,False,False,,,"ViG mô tả đúng một số chi tiết như rau và hàng; bỏ sót/giảm nhẹ các chi tiết tay, bó, mặc, áo và vàng;",2026-06-06T21:07:45+00:00
2079,00000002079.jpg,True,False,correct,specific,False,False,False,False,False,,,"ViG mô tả đúng một số chi tiết như quầy, hàng, rau và củ; bỏ sót/giảm nhẹ các chi tiết siêu_thị, chụp, loại và hoa_quả.",2026-06-06T21:08:07+00:00
2086,00000002086.jpg,True,False,correct,specific,False,False,False,False,False,,,"ViG mô tả đúng một số chi tiết như nhóm và đường; bỏ sót/giảm nhẹ các chi tiết xe_điện, cuối, hàng, ghế và sau_cùng.",2026-06-06T21:08:18+00:00
2088,00000002088.jpg,True,False,correct,specific,False,False,False,False,False,,,"ViG mô tả đúng một số chi tiết như hàng và sản_phẩm; bỏ sót/giảm nhẹ các chi tiết nam, thanh_niên, tay, hộp và áo; lệch sang các chi tiết kệ.",2026-06-06T21:08:26+00:00
2099,00000002099.jpg,True,False,wrong,generic,False,True,True,True,False,,,"ViG chưa khớp rõ với các chi tiết chính trong ảnh; bỏ sót/giảm nhẹ các chi tiết mây, trắng, toà, nhà và tầng; lệch sang các chi tiết hồ và nước.",2026-06-06T21:08:36+00:00
2128,00000002128.jpg,True,False,correct,specific,False,False,False,False,False,,,"ViG mô tả đúng một số chi tiết như bày_bán, hàng, kệ và rau; bỏ sót/giảm nhẹ các chi tiết mặt_hàng, trái_cây và quầy.",2026-06-06T21:08:42+00:00
2144,00000002144.jpg,True,False,wrong,specific,False,False,True,True,False,,,"ViG mô tả đúng một số chi tiết như cửa_hàng; bỏ sót/giảm nhẹ các chi tiết khu_vực, cửa, cạnh, nhau và mỉm.",2026-06-06T21:09:01+00:00
2156,00000002156.jpg,True,False,wrong,specific,False,False,True,True,False,,,"ViG mô tả đúng một số chi tiết như mặc và áo; bỏ sót/giảm nhẹ các chi tiết tay, điện_thoại, quầy, thanh_toán và caro; lệch sang các chi tiết xanh và siêu_thị.",2026-06-06T21:09:10+00:00
2193,00000002193.jpg,True,False,correct,specific,False,False,False,False,False,,,"ViG mô tả đúng một số chi tiết như hoa và chậu; bỏ sót/giảm nhẹ các chi tiết mặc, áo, xanh, bó và hoa_màu;",2026-06-06T21:09:19+00:00
2204,00000002204.jpg,True,False,correct,specific,False,False,False,False,False,,,"ViG mô tả đúng một số chi tiết như cầm; bỏ sót/giảm nhẹ các chi tiết giỏ, hàng, đỏ, theo và lối;",2026-06-06T21:09:30+00:00
2206,00000002206.jpg,True,False,correct,specific,False,False,False,False,False,,,"ViG mô tả đúng một số chi tiết như tường và trưng_bày; bỏ sót/giảm nhẹ các chi tiết bộ, bàn_ghế, gỗ, quán và ăn;",2026-06-06T21:09:44+00:00
2213,00000002213.jpg,True,False,wrong,specific,False,False,False,True,False,,,"ViG mô tả đúng một số chi tiết như quần_áo và mặt_hàng; bỏ sót/giảm nhẹ các chi tiết hàng, sạp, vắt, chéo và chân; lệch sang các chi tiết bày_bán và cửa_hàng.",2026-06-06T21:10:00+00:00
2221,00000002221.jpg,True,False,partial,specific,False,False,False,False,True,,,"ViG mô tả đúng một số chi tiết như quầy và hàng; bỏ sót/giảm nhẹ các chi tiết đồ_ăn, vỉ, xiên, nướng và chế_biến; lệch sang các chi tiết mặc, áo và đen.",2026-06-06T21:10:11+00:00
2244,00000002244.jpg,True,False,wrong,unsure,False,True,False,False,False,,,"ViG mô tả đúng một số chi tiết như xe_máy và đường; bỏ sót/giảm nhẹ các chi tiết hai, vỉa_hè, ngôi, nhà và khu_phố; lệch sang các chi tiết di_chuyển.",2026-06-06T21:10:24+00:00
2250,00000002250.jpg,True,False,correct,specific,False,False,False,False,False,,,"ViG mô tả đúng một số chi tiết như xe_máy; bỏ sót/giảm nhẹ các chi tiết chở, lớn, lái, gạch và điện;",2026-06-06T21:10:37+00:00
2262,00000002262.jpg,True,False,correct,specific,False,False,False,False,False,,,"ViG mô tả đúng một số chi tiết như đường, di_chuyển và xe_hơi; bỏ sót/giảm nhẹ các chi tiết cây_cổ_thụ, vỉa_hè, ô_tô và lưu_thông;",2026-06-06T21:10:53+00:00
2275,00000002275.jpg,True,False,wrong,unsure,False,True,False,False,False,,,"ViG chưa khớp rõ với các chi tiết chính trong ảnh; bỏ sót/giảm nhẹ các chi tiết kiểm_tra, nhiệt_độ, nam, thanh_niên và bảo_vệ; lệch sang các chi tiết cầm, tay và sản_phẩm.",2026-06-06T21:11:05+00:00
2277,00000002277.jpg,True,False,partial,specific,True,False,True,False,True,chợ,,"ViG mô tả đúng một số chi tiết như xe; bỏ sót cultural term chợ; bỏ sót/giảm nhẹ các chi tiết chợ, sạp, hàng, khu và trái_cây; lệch sang các chi tiết mặc, áo, đen, đẩy và siêu_thị.",2026-06-06T19:57:12+00:00
2288,00000002288.jpg,True,False,correct,specific,False,False,False,False,False,,,"ViG mô tả đúng một số chi tiết như bàn, trang_trí, đồ và món; bỏ sót/giảm nhẹ các chi tiết tết, hai, trưng_bày, đồ_vật và đồ_dùng.",2026-06-06T21:11:12+00:00
2291,00000002291.jpg,True,False,correct,specific,False,False,False,False,False,,,"ViG mô tả đúng một số chi tiết như áo và mặc; bỏ sót/giảm nhẹ các chi tiết trắng, bàn, nhựa, đồng_chí và công_an; lệch sang các chi tiết xanh và đường.",2026-06-06T21:11:20+00:00
2405,00000002405.jpg,True,False,correct,specific,False,False,False,False,False,,,"ViG mô tả đúng một số chi tiết như hiện_vật; bỏ sót/giảm nhẹ các chi tiết tủ, kính, tượng, đặt và cất_giữ;",2026-06-06T21:11:44+00:00
2408,00000002408.jpg,True,False,partial,generic,False,True,False,False,False,,,"ViG chưa khớp rõ với các chi tiết chính trong ảnh; bỏ sót/giảm nhẹ các chi tiết hai, đứa, trẻ, đeo và kính; lệch sang các chi tiết một_vài, di_chuyển và vỉa_hè.",2026-06-06T21:12:02+00:00
2424,00000002424.jpg,True,False,partial,specific,False,False,False,False,False,,,"ViG mô tả đúng một số chi tiết như tay và cầm; bỏ sót/giảm nhẹ các chi tiết nam, thanh_niên, hàng, đỏ và gói; lệch sang các chi tiết xe, đẩy và siêu_thị.",2026-06-06T21:12:11+00:00
2433,00000002433.jpg,True,False,partial,generic,False,False,False,False,False,,,"ViG mô tả đúng một số chi tiết như hàng; bỏ sót/giảm nhẹ các chi tiết tay, đeo, hộp, bánh và đỏ;",2026-06-06T21:12:33+00:00
2438,00000002438.jpeg,True,False,correct,specific,False,False,False,False,False,,,"ViG mô tả đúng một số chi tiết như quán, ăn và ăn_ở; bỏ sót/giảm nhẹ các chi tiết thực_khách, ăn_uống, bát, đồ_ăn và bày.",2026-06-06T21:12:39+00:00
2439,00000002439.jpg,True,False,correct,specific,False,False,False,False,False,chợ,chợ,"ViG mô tả đúng cultural term chợ; bỏ sót/giảm nhẹ các chi tiết rau, củ, quả, bán và sạp.",2026-06-06T19:57:23+00:00
2450,00000002450.jpg,True,False,correct,specific,False,False,False,False,False,,,"ViG mô tả đúng một số chi tiết như rau, quầy và hàng; bỏ sót/giảm nhẹ các chi tiết mặc, áo, đen, cầm và tay; lệch sang các chi tiết củ và quả.",2026-06-06T21:12:42+00:00
2458,00000002458.jpg,True,False,partial,specific,False,False,False,False,False,,,"ViG mô tả đúng một số chi tiết như thịt; bỏ sót/giảm nhẹ các chi tiết tủ, khay, kính, mặc và áo; lệch sang các chi tiết quầy và hàng.",2026-06-06T21:12:57+00:00
2469,00000002469.jpg,True,False,wrong,specific,False,False,False,True,False,,,"ViG chưa khớp rõ với các chi tiết chính trong ảnh; bỏ sót/giảm nhẹ các chi tiết căn, phòng, sử_dụng, laptop và đèn; lệch sang các chi tiết quán và ăn.",2026-06-06T21:13:08+00:00
2474,00000002474.jpg,True,False,correct,specific,False,False,False,False,False,áo_dài;nón_lá,nón_lá,ViG mô tả đúng cultural term nón_lá;,2026-06-06T19:57:49+00:00
2484,00000002484.jpg,True,False,correct,specific,False,False,False,False,False,chợ,chợ,"ViG mô tả đúng cultural term chợ; bỏ sót/giảm nhẹ các chi tiết vải, hai, sạp, hàng và bán;",2026-06-06T19:58:08+00:00
2534,00000002534.jpg,True,False,correct,specific,False,False,False,False,False,,,"ViG mô tả đúng một số chi tiết như quần_áo, hai và đường; bỏ sót/giảm nhẹ các chi tiết cửa_hàng, phố, quầy, hàng và bán;",2026-06-06T21:13:18+00:00
2547,00000002547.jpg,True,False,partial,generic,True,True,False,False,False,xuồng;nón_lá;thuyền,thuyền,"ViG mô tả đúng một số chi tiết như thuyền; bỏ sót cultural term nón_lá; bỏ sót/giảm nhẹ các chi tiết đội, nón, lá, xuồng và mặc; lệch sang các chi tiết di_chuyển và sông.",2026-06-06T20:35:22+00:00
2555,00000002555.jpg,True,False,correct,generic,False,True,False,False,False,,,"ViG mô tả đúng một số chi tiết như nhóm và hàng; bỏ sót/giảm nhẹ các chi tiết tay, áo, sản_phẩm, gian_hàng và gói",2026-06-06T21:13:29+00:00
2586,00000002586.jpg,True,False,correct,specific,False,False,False,False,False,,,"ViG mô tả đúng một số chi tiết như kệ, hàng, bày_bán và mặt_hàng; bỏ sót/giảm nhẹ các chi tiết đồ_ăn, vặt, sản_phẩm, siêu_thị và bánh_kẹo.",2026-06-06T21:13:38+00:00
2589,00000002589.jpg,True,False,wrong,generic,False,True,True,True,False,,,"ViG mô tả đúng một số chi tiết như một_vài; bỏ sót/giảm nhẹ các chi tiết khu_vực, mặc, đen, đánh và răng; lệch sang các chi tiết quán và ăn.",2026-06-06T21:13:49+00:00
2595,00000002595.jpg,True,False,correct,specific,False,False,False,False,False,,,"ViG mô tả đúng một số chi tiết như căn, phòng và nhóm; bỏ sót/giảm nhẹ các chi tiết máy_bay, mô_hình, treo, trần và nhà;",2026-06-06T21:14:01+00:00
2604,00000002604.jpg,True,False,partial,specific,False,False,False,False,False,,,"ViG chưa khớp rõ với các chi tiết chính trong ảnh; bỏ sót/giảm nhẹ các chi tiết trò_chuyện, máy_ảnh, nam, thanh_niên và bờ; lệch sang các chi tiết cây và cầu.",2026-06-06T21:14:07+00:00
2613,00000002613.jpg,True,False,partial,generic,True,True,False,False,False,xuồng,,"ViG chưa khớp rõ với các chi tiết chính trong ảnh; bỏ sót cultural term xuồng; bỏ sót/giảm nhẹ các chi tiết áo, hồng, chậu, cây và mặc; lệch sang các chi tiết thuyền.",2026-06-06T20:35:38+00:00
2615,00000002615.jpg,True,False,correct,specific,False,False,False,False,False,,,"ViG mô tả đúng một số chi tiết như đường; bỏ sót/giảm nhẹ các chi tiết đứa, bé, đỏ, theo và bế;",2026-06-06T21:14:20+00:00
2620,00000002620.jpg,True,False,correct,specific,False,False,False,False,False,,,"ViG mô tả đúng một số chi tiết như quầy, rau, một_vài và hàng; bỏ sót/giảm nhẹ các chi tiết mặc, áo, trắng, chạm và tay;",2026-06-06T21:14:29+00:00
2628,00000002628.jpg,True,False,wrong,specific,False,False,True,True,False,,,"ViG mô tả đúng một số chi tiết như bé và theo; bỏ sót/giảm nhẹ các chi tiết ông, cụ, bế, lão và vừa; lệch sang các chi tiết mặc, áo, đỏ, dắt và đứa.",2026-06-06T21:14:42+00:00
2641,00000002641.jpg,True,False,correct,specific,False,False,False,False,False,,,"ViG mô tả đúng một số chi tiết như quầy và hàng; bỏ sót/giảm nhẹ các chi tiết vải, nhóm, bán, áo và cầm.",2026-06-06T21:14:57+00:00
2668,00000002668.jpg,True,False,wrong,unsure,False,False,True,True,False,,,"ViG mô tả đúng một số chi tiết như hàng và mặc; bỏ sót/giảm nhẹ các chi tiết kệ, váy, trắng, giỏ và tay; lệch sang các chi tiết áo, đen và quầy.",2026-06-06T21:15:10+00:00
2679,00000002679.jpg,True,False,wrong,specific,False,False,True,True,False,,,"ViG chưa khớp rõ với các chi tiết chính trong ảnh; bỏ sót/giảm nhẹ các chi tiết cửa_hàng, giày_dép, áo, hai và đưa; lệch sang các chi tiết một_vài, quầy, hàng, bán và đồ.",2026-06-06T21:15:16+00:00
2684,00000002684.jpg,True,False,wrong,generic,False,True,True,True,False,,,"ViG chưa khớp rõ với các chi tiết chính trong ảnh; bỏ sót/giảm nhẹ các chi tiết cặp, đôi, cổng, chuẩn_bị và qua; lệch sang các chi tiết mặc, áo và xanh.",2026-06-06T21:15:25+00:00
2705,00000002705.jpg,True,False,correct,specific,False,False,False,False,False,,,"ViG mô tả đúng một số chi tiết như siêu_thị; bỏ sót/giảm nhẹ các chi tiết chụp, thanh_toán, mua, hàng và quầy.",2026-06-06T21:15:31+00:00
2729,00000002729.jpg,True,False,wrong,generic,False,True,True,True,False,,,"ViG mô tả đúng một số chi tiết như hai; bỏ sót/giảm nhẹ các chi tiết mặc, công_an, chơi_đùa, đứa và trẻ.",2026-06-06T21:15:44+00:00
2742,00000002742.jpg,True,False,wrong,generic,False,True,False,True,False,,,"ViG chưa khớp rõ với các chi tiết chính trong ảnh; bỏ sót/giảm nhẹ các chi tiết ghế, nhựa, rào_chắn, tấm và băng_rôn; lệch sang các chi tiết vỉa_hè.",2026-06-06T21:15:56+00:00
2743,00000002743.jpg,True,False,wrong,generic,False,True,False,True,False,,áo_dài,"ViG chưa khớp rõ với các chi tiết chính trong ảnh; bỏ sót/giảm nhẹ các chi tiết cầm, bó, phố, bộ và hoa; sinh thêm cultural term áo_dài không phù hợp với ảnh; lệch sang các chi tiết mặc, áo_dài và đường.",2026-06-06T21:16:04+00:00
2749,00000002749.jpg,True,False,partial,generic,False,True,False,False,False,,,"ViG chưa khớp rõ với các chi tiết chính trong ảnh; bỏ sót/giảm nhẹ các chi tiết mặc, áo, trắng, khử và khuẩn;",2026-06-06T21:16:15+00:00
2755,00000002755.jpg,True,False,wrong,generic,False,False,False,False,False,,,"ViG chưa khớp rõ với các chi tiết chính trong ảnh; bỏ sót/giảm nhẹ các chi tiết kéo_co, phố, bộ, chơi và nhóm; lệch sang các chi tiết vỉa_hè.",2026-06-06T21:16:25+00:00
2761,00000002761.jpg,True,False,partial,generic,True,True,False,False,False,chợ,,"ViG mô tả đúng một số chi tiết như đường; bỏ sót cultural term chợ; bỏ sót/giảm nhẹ các chi tiết khu, chợ, trạng_thái, lái_xe và máy; lệch sang các chi tiết xe_máy và di_chuyển.",2026-06-06T19:59:08+00:00
2794,00000002794.jpg,True,False,partial,generic,True,True,False,False,False,chợ;nón_lá,,ViG mô tả đúng một số chi tiết như sông; bỏ sót cultural term chợ và nón_lá.,2026-06-06T19:59:40+00:00
2802,00000002802.jpg,True,False,correct,specific,False,False,False,False,False,,,"ViG mô tả đúng một số chi tiết như bờ, hồ, cặp và đôi; bỏ sót/giảm nhẹ các chi tiết cạnh, chụp, nhìn và âu_yếm; lệch sang các chi tiết nắm và tay.",2026-06-06T21:16:32+00:00
2803,00000002803.jpg,True,False,wrong,specific,True,False,False,False,False,hàng_rong,nón_lá,ViG mô tả đúng một số chi tiết như vỉa_hè; bỏ sót cultural term hàng_rong;,2026-06-06T20:00:00+00:00
2808,00000002808.jpg,True,False,correct,generic,False,True,False,False,False,xuồng;thuyền,thuyền,ViG mô tả đúng một số chi tiết như thuyền,2026-06-06T20:36:10+00:00
2844,00000002844.jpg,True,False,correct,specific,False,False,False,False,False,,,"ViG mô tả đúng một số chi tiết như quầy, hàng, một_vài và đồ; bỏ sót/giảm nhẹ các chi tiết siêu_thị, quanh, lựa_chọn, mặc và áo;",2026-06-06T21:16:47+00:00
2848,00000002848.jpg,True,False,wrong,generic,False,True,True,True,False,,,"ViG mô tả đúng một số chi tiết như tay; bỏ sót/giảm nhẹ các chi tiết dán, cuộn, băng_dính, thông_báo và tờ; lệch sang các chi tiết cầm và túi.",2026-06-06T21:16:57+00:00
2851,00000002851.jpg,True,False,wrong,specific,True,False,False,False,False,đèn_lồng,,"ViG mô tả đúng một số chi tiết như nhà, đặt, bộ và bàn_ghế; bỏ sót cultural term đèn_lồng; lệch sang các chi tiết trần.",2026-06-06T20:00:37+00:00
2856,00000002856.jpg,True,False,correct,specific,False,False,False,False,False,,,"ViG mô tả đúng một số chi tiết như đường; bỏ sót/giảm nhẹ các chi tiết hai, bộ, xe_máy, mặc và áo; lệch sang các chi tiết phương_tiện, giao_thông và di_chuyển.",2026-06-06T21:17:04+00:00
2880,00000002880.jpg,True,False,partial,specific,False,False,False,False,False,,,"ViG chưa khớp rõ với các chi tiết chính trong ảnh; bỏ sót/giảm nhẹ các chi tiết mặc, áo, quầy, trắng và đen;",2026-06-06T21:17:23+00:00
2890,00000002890.jpg,True,False,correct,specific,False,False,False,False,False,,,"ViG mô tả đúng một số chi tiết như hàng và quầy; bỏ sót/giảm nhẹ các chi tiết mặc, áo, trắng, nhìn và mỉm;",2026-06-06T21:17:31+00:00
2894,00000002894.jpg,True,False,partial,specific,False,False,False,False,False,,,"ViG mô tả đúng một số chi tiết như hoa_quả và quầy; bỏ sót/giảm nhẹ các chi tiết siêu_thị, trái_cây, khu_vực, mua và cân; lệch sang các chi tiết một_vài và hàng.",2026-06-06T21:17:39+00:00
2901,00000002901.jpg,True,False,correct,specific,False,False,False,False,False,,,"ViG chưa khớp rõ với các chi tiết chính trong ảnh; bỏ sót/giảm nhẹ các chi tiết sông, cặp, đôi, bờ và ôm; l",2026-06-06T21:17:48+00:00
2909,00000002909.jpg,True,False,correct,generic,False,True,False,False,False,,ngôi_chùa,"ViG mô tả đúng một số chi tiết như ngôi; bỏ sót/giảm nhẹ các chi tiết nhà, gỗ, bậc, toà và mặc; sinh thêm cultural term ngôi_chùa không phù hợp với ảnh; lệch sang các chi tiết chùa.",2026-06-06T21:18:10+00:00
2921,00000002921.jpg,True,False,correct,generic,True,True,False,False,False,xuồng;thuyền,thuyền,"ViG mô tả đúng một số chi tiết như thuyền và mặt_nước; bỏ sót/giảm nhẹ các chi tiết chở, cây_cảnh, sông, theo và hoa.",2026-06-06T20:36:59+00:00
2928,00000002928.jpg,True,False,correct,specific,False,False,False,False,False,,,"ViG mô tả đúng một số chi tiết như hàng và quầy; bỏ sót/giảm nhẹ các chi tiết túi, bán, một_vài, mặt và mặt_hàng.",2026-06-06T21:18:22+00:00
2929,00000002929.jpg,True,False,correct,specific,False,False,False,False,False,chợ,chợ,ViG mô tả đúng cultural term chợ;,2026-06-06T20:01:08+00:00
2970,00000002970.jpg,True,False,partial,generic,False,True,False,False,False,,,"ViG mô tả đúng một số chi tiết như tấm; bỏ sót/giảm nhẹ các chi tiết bảng_hiệu, mái, tôn, ngôi và nhà; lệch sang các chi tiết biển, tên và biển_hiệu.",2026-06-06T21:18:40+00:00
2980,00000002980.jpg,True,False,correct,generic,False,False,False,False,False,đèn_lồng,đèn_lồng,ViG mô tả đúng cultural term đèn_lồng;,2026-06-06T20:01:30+00:00
2996,00000002996.jpg,True,False,correct,generic,False,True,False,False,False,,,,2026-06-06T20:02:02+00:00
3019,00000003019.jpg,True,False,wrong,specific,True,False,True,True,False,chợ,,"ViG chưa khớp rõ với các chi tiết chính trong ảnh; bỏ sót cultural term chợ; bỏ sót/giảm nhẹ các chi tiết sạp, hàng, giày, bán và nhóm; lệch sang các chi tiết mặt_hàng, đồ, trang_trí, giáng_sinh và bày_bán.",2026-06-06T20:04:20+00:00
3029,00000003029.jpg,True,False,wrong,generic,True,False,True,True,False,,,"ViG mô tả đúng một số chi tiết như đường; bỏ sót cultural term áo_dài; bỏ sót các chi tiết nam, thanh_niên, bộ, xe_máy và mặc; lệch sang các chi tiết đạp và xe.",2026-06-06T20:04:54+00:00
3034,00000003034.jpg,True,False,correct,specific,False,False,False,False,False,,,"ViG mô tả đúng một số chi tiết như hai, rau, củ và quả; bỏ sót/giảm nhẹ các chi tiết xanh, áo, mặc và nhân_viên.",2026-06-06T21:18:46+00:00
3036,00000003036.jpg,True,False,wrong,specific,True,False,True,True,False,chợ,,"ViG chưa khớp rõ với các chi tiết chính trong ảnh; bỏ sót cultural term chợ; bỏ sót/giảm nhẹ các chi tiết quầy, rau, củ, quả và đen; lệch sang các chi tiết siêu_thị.",2026-06-06T20:05:15+00:00
3040,00000003040.jpg,True,False,partial,specific,False,False,False,False,False,,,"ViG mô tả đúng một số chi tiết như quầy và hàng; bỏ sót/giảm nhẹ các chi tiết hoa_quả, một_vài, tụ_tập, nói_chuyện và nhóm; lệch sang các chi tiết hai.",2026-06-06T21:18:52+00:00
3051,00000003051.jpg,True,False,partial,specific,True,False,True,True,False,nhà_cổ;đèn_lồng,nhà_cổ,"ViG mô tả đúng cultural term nhà_cổ; bỏ sót cultural term đèn_lồng; bỏ sót/giảm nhẹ các chi tiết gian, ghế, đèn_lồng, treo và dãy; sai hành động ""ngồi"".",2026-06-06T20:06:17+00:00
3082,00000003082.jpg,True,False,partial,generic,False,False,False,False,False,,,"ViG mô tả đúng một số chi tiết như đường và di_chuyển; bỏ sót/giảm nhẹ các chi tiết toà, nhà, cao_tầng, xe_buýt và cam; lệch sang các chi tiết ô_tô.",2026-06-06T21:19:01+00:00
3089,00000003089.jpg,True,False,partial,specific,True,False,False,False,False,chợ,,"ViG mô tả đúng một số chi tiết như hoa, bó, cầm và tay; bỏ sót cultural term chợ; bỏ sót/giảm nhẹ các chi tiết ôm, lòng, khu và chợ.",2026-06-06T20:06:33+00:00
3091,00000003091.jpg,True,False,wrong,generic,False,False,False,False,False,,,"ViG mô tả đúng một số chi tiết như nhóm; bỏ sót/giảm nhẹ các chi tiết tập_thể_dục, công_viên, ngoài_trời, vận_động và một_vài; lệch sang các chi tiết vỉa_hè.",2026-06-06T21:19:08+00:00
3105,00000003105.jpg,True,False,wrong,unsure,False,True,False,True,False,,,"ViG chưa khớp rõ với các chi tiết chính trong ảnh; bỏ sót/giảm nhẹ các chi tiết nam, thanh_niên, ông, đối_diện và tay; lệch sang các chi tiết bàn.",2026-06-06T21:19:27+00:00
3108,00000003108.jpg,True,False,partial,generic,True,True,False,False,False,chợ,,"ViG mô tả đúng một số chi tiết như đường; bỏ sót cultural term chợ; bỏ sót/giảm nhẹ các chi tiết hoa, khu, chợ, vàng và mua.",2026-06-06T20:06:45+00:00
3175,00000003175.jpg,True,False,correct,specific,False,False,False,False,False,,,"ViG mô tả đúng một số chi tiết như siêu_thị; bỏ sót/giảm nhẹ các chi tiết hàng, nam, thanh_niên, mặc và áo.",2026-06-06T21:19:36+00:00
3231,00000003231.jpg,True,False,correct,specific,False,False,False,False,False,chợ,chợ,,2026-06-06T20:06:56+00:00
3238,00000003238.jpg,True,False,correct,generic,False,True,False,False,False,,,"ViG mô tả đúng một số chi tiết như nhóm; bỏ sót/giảm nhẹ các chi tiết điện_thoại, lại, chụp, ghi và hình_ảnh;",2026-06-06T21:19:44+00:00
3241,00000003241.jpg,True,False,correct,specific,False,False,False,False,False,chợ,chợ,,2026-06-06T20:07:06+00:00
3250,00000003250.jpg,True,False,partial,generic,False,True,True,False,False,,,"ViG chưa khớp rõ với các chi tiết chính trong ảnh; bỏ sót/giảm nhẹ các chi tiết vỉa_hè, giày, đỏ, gần và nhìn; lệch sang các chi tiết đường.",2026-06-06T21:19:56+00:00
3279,00000003279.jpg,True,False,partial,specific,False,False,False,False,False,,,"ViG mô tả đúng một số chi tiết như cây và thông; bỏ sót/giảm nhẹ các chi tiết áo, nâu, tay, mặc và cầm;",2026-06-06T21:20:10+00:00
3308,00000003308.jpg,True,False,wrong,specific,False,False,True,True,False,,,"ViG mô tả đúng một số chi tiết như đường và di_chuyển; bỏ sót/giảm nhẹ các chi tiết xe_tải, lề_đường, đỗ, trạng_thái và vắng; lệch sang các chi tiết ô_tô.",2026-06-06T21:20:20+00:00
3315,00000003315.jpg,True,False,correct,specific,False,False,False,False,False,,,"ViG mô tả đúng một số chi tiết như xe_máy và dựng; bỏ sót/giảm nhẹ các chi tiết quán, ăn, ăn_ở, đông và thực_khách",2026-06-06T21:20:42+00:00
3378,00000003378.jpg,True,False,wrong,unsure,False,True,True,True,False,,nón_lá,"ViG mô tả đúng một số chi tiết như đội và hàng; bỏ sót/giảm nhẹ các chi tiết hồng, lựa, hải_sản, hàng_hoá và mặc; sinh thêm cultural term nón_lá không phù hợp với ảnh; lệch sang các chi tiết nón, lá và mua.",2026-06-06T21:20:58+00:00
3382,00000003382.jpg,True,False,partial,generic,False,True,False,False,False,,,"ViG chưa khớp rõ với các chi tiết chính trong ảnh; bỏ sót/giảm nhẹ các chi tiết mô_hình, voi, toà, nhà và lối.",2026-06-06T21:21:09+00:00
3388,00000003388.jpg,True,False,partial,specific,False,False,False,False,False,,,"ViG mô tả đúng một số chi tiết như quầy và hàng; bỏ sót/giảm nhẹ các chi tiết lựa_chọn, thực_phẩm, sản_phẩm, đeo và khẩu_trang;",2026-06-06T21:21:22+00:00
3402,00000003402.jpg,True,False,correct,specific,False,False,False,False,False,,,"ViG mô tả đúng một số chi tiết như xe_máy, di_chuyển và đường; bỏ sót/giảm nhẹ các chi tiết toà, nhà, chụp, buổi và đêm; lệch sang các chi tiết một_vài.",2026-06-06T21:21:30+00:00
3407,00000003407.jpg,True,False,correct,specific,False,False,False,False,False,,,"ViG mô tả đúng một số chi tiết như nhà, tường và vàng; bỏ sót/giảm nhẹ các chi tiết căn, toà, gỗ, tạo_dáng và chụp;",2026-06-06T21:21:38+00:00
3417,00000003417.jpg,True,False,partial,specific,True,False,False,False,False,nón_lá;chợ,chợ,ViG mô tả đúng một số chi tiết như bày_bán; bỏ sót cultural term nón_lá;,2026-06-06T20:07:24+00:00
3420,00000003420.jpg,True,False,wrong,specific,False,False,True,True,False,,,"ViG mô tả đúng một số chi tiết như biển; bỏ sót/giảm nhẹ các chi tiết nhìn, hai, lính, ống_nhòm và để.",2026-06-06T21:21:46+00:00
3440,00000003440.jpg,True,False,correct,specific,False,False,False,False,False,,,"ViG mô tả đúng một số chi tiết như siêu_thị; bỏ sót/giảm nhẹ các chi tiết hàng_hoá, bày_bán, kệ, hàng và chất.",2026-06-06T21:21:52+00:00
3465,00000003465.jpg,True,False,wrong,generic,False,False,False,True,False,,khu_di_tích,"ViG chưa khớp rõ với các chi tiết chính trong ảnh; bỏ sót/giảm nhẹ các chi tiết di_chuyển, hàng, lối, nhóm và thành; sinh thêm cultural term khu_di_tích không phù hợp với ảnh; lệch sang các chi tiết khu và di_tích.",2026-06-06T21:54:34+00:00
3510,00000003510.jpg,True,False,partial,generic,False,True,False,False,False,,,"ViG chưa khớp rõ với các chi tiết chính trong ảnh; bỏ sót/giảm nhẹ các chi tiết đồ_ăn, tủ, đĩa, đặt và khay;",2026-06-06T21:22:49+00:00
3513,00000003513.jpg,True,False,wrong,specific,False,False,True,True,False,,,"ViG mô tả đúng một số chi tiết như nhà và hai; bỏ sót/giảm nhẹ các chi tiết cổng, toà, căn, gần và nhau;",2026-06-06T21:23:07+00:00
3519,00000003519.jpg,True,False,partial,generic,False,True,False,False,False,,,"ViG mô tả đúng một số chi tiết như xe_máy; bỏ sót/giảm nhẹ các chi tiết toà, hai, lẵng, hoa và nhà; l",2026-06-06T21:23:28+00:00
3526,00000003526.jpg,True,False,correct,specific,False,False,False,False,False,chợ,chợ,"ViG chi tiết chính trong ảnh; bỏ sót/giảm nhẹ các chi tiết hàng, bán, sân, một_vài và sạp;",2026-06-06T21:24:06+00:00
3528,00000003528.jpg,True,False,correct,specific,False,False,False,False,False,,,"ViG mô tả đúng một số chi tiết như điện_thoại, kệ và hàng; bỏ sót/giảm nhẹ các chi tiết sản_phẩm, cửa_hàng, mặt_hàng, bày và bày_bán.",2026-06-06T21:24:24+00:00
3557,00000003557.jpg,True,False,partial,specific,False,False,False,False,False,,,"ViG mô tả đúng một số chi tiết như đường; bỏ sót/giảm nhẹ các chi tiết ô, cầm, sử_dụng, di_chuyển và ngôi.",2026-06-06T21:24:29+00:00
3562,00000003562.jpg,True,False,wrong,unsure,False,False,True,True,False,,,"ViG mô tả đúng một số chi tiết như mặc và áo; bỏ sót/giảm nhẹ các chi tiết tấm, xanh, dương, nhìn và mã_vạch; lệch sang các chi tiết đỏ và kệ.",2026-06-06T21:24:39+00:00
3602,00000003602.jpg,True,False,partial,generic,True,True,False,False,False,cờ,,"ViG mô tả đúng một số chi tiết như nhóm; bỏ sót cultural term cờ; bỏ sót/giảm nhẹ các chi tiết bục, cờ, chiến_sĩ, cầm và chào; lệch sang các chi tiết sân_khấu.",2026-06-06T20:07:39+00:00
3603,00000003603.jpg,True,False,correct,specific,False,False,False,False,False,,,"ViG mô tả đúng một số chi tiết như hàng và kệ; bỏ sót/giảm nhẹ các chi tiết trứng, khay, bày_bán, mặc và áo.",2026-06-06T21:24:47+00:00
3615,00000003615.jpg,True,False,correct,specific,False,False,False,False,False,,,"ViG chưa khớp rõ với các chi tiết chính trong ảnh; bỏ sót/giảm nhẹ các chi tiết lễ_hội, áo, mặc, xanh và đứa;",2026-06-06T21:54:30+00:00
3627,00000003627.jpg,True,False,correct,specific,False,False,False,False,False,,,"ViG mô tả đúng một số chi tiết như thịt; bỏ sót/giảm nhẹ các chi tiết mặc, áo, sơ_mi, khay và xanh;",2026-06-06T21:25:06+00:00
3637,00000003637.jpg,True,False,partial,specific,False,False,False,False,False,,,"ViG chưa khớp rõ với các chi tiết chính trong ảnh; bỏ sót/giảm nhẹ các chi tiết cây, cầu, căn, nhà và gỗ;",2026-06-06T21:25:19+00:00
3653,00000003653.jpg,True,False,wrong,specific,False,False,True,True,False,,,"ViG mô tả đúng một số chi tiết như áo và xanh; bỏ sót/giảm nhẹ các chi tiết nhân_viên, làm_việc, máy_khâu, nhìn và quan_sát; lệch sang các chi tiết mặc, quầy và hàng.",2026-06-06T21:25:30+00:00
3673,00000003673.jpg,True,False,partial,generic,False,True,True,False,False,,,"ViG mô tả đúng một số chi tiết như xe; bỏ sót/giảm nhẹ các chi tiết taxi, lối, đỗ, nhau và nối_tiếp; lệch sang các chi tiết đường và ô_tô.",2026-06-06T21:25:47+00:00
3684,00000003684.jpg,True,False,partial,specific,False,False,False,False,False,,,"ViG mô tả đúng một số chi tiết như bàn và bày; bỏ sót/giảm nhẹ các chi tiết nồi, thức_ăn, rổ, đồ_ăn",2026-06-06T21:26:05+00:00
3729,00000003729.jpg,True,False,correct,specific,False,False,False,False,False,,,"ViG mô tả đúng một số chi tiết như đường, phương_tiện, giao_thông và di_chuyển; bỏ sót/giảm nhẹ các chi tiết cây_cổ_thụ, hai, xe_cộ và lưu_thông.",2026-06-06T21:26:13+00:00
3732,00000003732.jpg,True,False,partial,generic,False,True,False,False,False,đèn_lồng,đèn_lồng,"ViG mô tả đúng cultural term đèn_lồng; bỏ sót/giảm nhẹ các chi tiết xanh, lá, phố, căn và nhà; lệch sang các chi tiết vỉa_hè.",2026-06-06T20:07:53+00:00
3736,00000003736.jpg,True,False,wrong,unsure,False,False,False,False,False,,,"ViG mô tả đúng một số chi tiết như đường và xe_đạp; bỏ sót/giảm nhẹ các chi tiết đạp, sông, xe, bờ và chụp; lệch sang các chi tiết di_chuyển.",2026-06-06T21:26:24+00:00
3738,00000003738.jpg,True,False,wrong,unsure,True,True,True,True,False,xuồng;thuyền,,"ViG mô tả đúng một số chi tiết như di_chuyển và mặt_nước; bỏ sót cultural term xuồng; bỏ sót/giảm nhẹ các chi tiết xuồng, sông, thuyền, bằng và chở;",2026-06-06T20:37:25+00:00
3744,00000003744.jpg,True,False,correct,specific,False,False,False,False,False,,,"ViG mô tả đúng một số chi tiết như cầu; bỏ sót/giảm nhẹ các chi tiết cây, cối_xay_gió, lan_can, cuối và cầu_nối.",2026-06-06T21:26:34+00:00
3751,00000003751.jpg,True,False,wrong,generic,False,True,True,True,False,,,"ViG mô tả đúng một số chi tiết như tấm; bỏ sót/giảm nhẹ các chi tiết bia, bát_hương, hai, đen và chữ; lệch sang các chi tiết bảng, thông_báo và sân_khấu.",2026-06-06T21:26:45+00:00
3753,00000003753.jpg,True,False,partial,generic,False,False,True,True,False,,,"ViG mô tả đúng một số chi tiết như đường; bỏ sót/giảm nhẹ các chi tiết cửa_hàng, quần_áo, hai, xe_đạp và đẩy.",2026-06-06T21:27:02+00:00
3755,00000003755.jpg,True,False,wrong,generic,True,True,True,True,True,áo_dài;nón_lá,,"ViG chưa khớp rõ với các chi tiết chính trong ảnh; bỏ sót cultural term nón_lá và áo_dài; bỏ sót/giảm nhẹ các chi tiết nón, lá, đội, chụp và cây; lệch sang các chi tiết lưng.",2026-06-06T20:08:26+00:00
3775,00000003775.jpg,True,False,wrong,unsure,False,False,True,True,False,,,"ViG mô tả đúng một số chi tiết như tranh và tường; bỏ sót/giảm nhẹ các chi tiết lưng, vẽ, ngôi, nhà và nam.",2026-06-06T21:27:16+00:00
3789,00000003789.jpg,True,False,wrong,generic,True,True,True,True,False,đèn_lồng;chợ;chợ_đêm,đèn_lồng,"ViG mô tả đúng cultural term đèn_lồng; bỏ sót cultural term chợ và chợ_đêm, lệch sang các chi tiết trần và nhà.",2026-06-06T20:08:58+00:00
3853,00000003853.jpg,True,False,wrong,unsure,False,True,True,True,False,,,"ViG chưa khớp rõ với các chi tiết chính trong ảnh; bỏ sót/giảm nhẹ các chi tiết cây, quả, cầu, đặt và trang_trí; lệch sang các chi tiết tượng, đỏ và vỉa_hè.",2026-06-06T21:27:32+00:00
3863,00000003863.jpg,True,False,wrong,unsure,False,True,True,True,False,,,"ViG mô tả đúng một số chi tiết như đường; bỏ sót/giảm nhẹ các chi tiết ô_tô, cam, di_chuyển, tủ và đồ; lệch sang các chi tiết xe, đẩy và siêu_thị.",2026-06-06T21:27:47+00:00
3870,00000003870.jpg,True,False,partial,specific,True,False,False,False,False,nón_lá,,"ViG mô tả đúng một số chi tiết như thuyền; bỏ sót cultural term nón_lá; bỏ sót/giảm nhẹ các chi tiết sông, di_chuyển, mặt_nước, chở và bãi.",2026-06-06T20:09:14+00:00
3934,00000003934.jpg,True,False,correct,specific,False,False,False,False,False,,,"ViG mô tả đúng một số chi tiết như tường và tranh; bỏ sót/giảm nhẹ các chi tiết mặc, váy, caro, đen và biểu_tượng.",2026-06-06T21:28:08+00:00
3974,00000003974.jpg,True,False,wrong,unsure,False,False,True,True,False,,,"ViG mô tả đúng một số chi tiết như tay, sản_phẩm và cầm; bỏ sót/giảm nhẹ các chi tiết nam, thanh_niên, áo, xanh và mặc.",2026-06-06T21:28:22+00:00
3982,00000003982.jpg,True,False,wrong,unsure,False,False,True,True,False,,,"ViG mô tả đúng chi tiết như căn  phòng; bỏ sót/giảm nhẹ các chi tiết hiện_vật, trưng_bày và bảo_tàng.",2026-06-06T21:28:56+00:00
3988,00000003988.jpg,True,False,wrong,unsure,False,True,True,True,False,,,"ViG chưa khớp rõ với các chi tiết chính trong ảnh; bỏ sót/giảm nhẹ các chi tiết cây, đàn, ghi, ta và tường; lệch sang các chi tiết điện_thoại.",2026-06-06T21:54:27+00:00
4000,00000004000.jpg,True,False,correct,specific,False,False,False,False,False,,,"ViG mô tả đúng một số chi tiết như hàng, quầy và một_vài; bỏ sót/giảm nhẹ các chi tiết quần_áo, bán, cửa_hàng, mặc và áo.",2026-06-06T21:29:16+00:00
4001,00000004001.jpg,True,False,wrong,generic,True,False,True,True,False,chợ,,ViG chưa khớp rõ với các chi tiết chính trong ảnh; bỏ sót cultural term chợ,2026-06-06T20:09:58+00:00
4019,00000004019.jpg,True,False,wrong,unsure,False,True,False,False,False,,,"ViG mô tả đúng một số chi tiết như quầy và hàng; bỏ sót/giảm nhẹ các chi tiết cặp, đôi, bánh_kẹo, mặt và gần; lệch sang các chi tiết một_vài, rau, củ và quả.",2026-06-06T21:29:28+00:00
4020,00000004020.jpg,True,False,correct,specific,False,False,False,False,False,,,"ViG mô tả đúng một số chi tiết như sản_phẩm; bỏ sót/giảm nhẹ các chi tiết tay, hộp, cầm, xem_xét và thông_tin;",2026-06-06T21:29:36+00:00
4033,00000004033.jpg,True,False,correct,specific,False,False,False,False,False,,,"ViG mô tả đúng một số chi tiết như cửa_hàng và một_vài; bỏ sót/giảm nhẹ các chi tiết đường, quầy, hàng, xe_máy và dựng.",2026-06-06T21:29:44+00:00
4040,00000004040.jpg,True,False,correct,specific,False,False,False,False,False,,,"ViG mô tả đúng một số chi tiết như siêu_thị; bỏ sót/giảm nhẹ các chi tiết hàng, gần, quầy, mua_sắm và khách.",2026-06-06T21:29:50+00:00
4041,00000004041.jpg,True,False,wrong,unsure,False,True,True,False,False,,,"ViG mô tả đúng một số chi tiết như bờ; bỏ sót/giảm nhẹ các chi tiết tấm, bia, cặp, đôi và biển; lệch sang các chi tiết sông.",2026-06-06T21:29:58+00:00
4074,00000004074.jpg,True,False,wrong,generic,True,True,False,True,False,nón_lá,,"ViG mô tả đúng một số chi tiết như sông; bỏ sót cultural term nón_lá; bỏ sót/giảm nhẹ các chi tiết chèo, thuyền, đội, nón và lá; sai object ""sông"".",2026-06-06T20:10:42+00:00
4075,00000004075.jpg,True,False,partial,specific,False,False,True,False,False,,,"ViG mô tả đúng một số chi tiết như quầy, hàng, rau và củ; bỏ sót/giảm nhẹ các chi tiết một_vài, nông_sản, trò_chuyện và siêu_thị; lệch sang các chi tiết hai.",2026-06-06T21:30:11+00:00
4076,00000004076.jpg,True,False,wrong,unsure,False,True,False,True,False,,,"ViG chưa khớp rõ với các chi tiết chính trong ảnh; bỏ sót/giảm nhẹ các chi tiết tay, đen, cầm, áo và giỏ; lệch sang các chi tiết quầy và thanh_toán.",2026-06-06T21:30:21+00:00
4081,00000004081.jpg,True,False,wrong,specific,False,False,True,True,False,,,"ViG mô tả đúng một số chi tiết như đường, di_chuyển và xe_máy; bỏ sót/giảm nhẹ các chi tiết xe_buýt, xanh, lá và cạnh",2026-06-06T21:30:35+00:00
4103,00000004103.jpg,True,False,partial,generic,True,True,False,False,False,chợ;chợ_nổi,,"ViG mô tả đúng một số chi tiết như thuyền; bỏ sót cultural term chợ; bỏ sót/giảm nhẹ các chi tiết chợ_nổi, tham_gia, chở, khu và thực_phẩm; lệch sang các chi tiết mặt_nước.",2026-06-06T20:11:07+00:00
4107,00000004107.jpg,True,False,correct,specific,False,False,False,False,False,,,"ViG mô tả đúng một số chi tiết như hàng và quầy; bỏ sót/giảm nhẹ các chi tiết mặc, đồ, áo, cam và trái_cây.",2026-06-06T21:30:43+00:00
4111,00000004111.jpg,True,False,correct,specific,False,False,False,False,False,,,"ViG mô tả đúng một số chi tiết như hàng; bỏ sót/giảm nhẹ các chi tiết nhóm, hoa_quả, trái_cây, kệ và áo;",2026-06-06T21:30:55+00:00
4137,00000004137.jpg,True,False,partial,specific,False,False,True,True,False,xuồng,xuồng,"ViG mô tả đúng cultural term xuồng; bỏ sót/giảm nhẹ các chi tiết sông, cánh, đồng, bờ và hoa; chỉ có một người ngồi nhưng model lại hallucinate thành hai.",2026-06-06T20:11:54+00:00
4143,00000004143.png,True,False,wrong,unsure,False,True,False,False,False,,phở,"ViG chưa khớp rõ với các chi tiết chính trong ảnh; bỏ sót/giảm nhẹ các chi tiết đồ_ăn, sợi, thức_ăn, hộp và khay; sinh thêm cultural term phở không phù hợp với ảnh; lệch sang các chi tiết bát, phở và bàn.",2026-06-06T21:31:08+00:00
4145,00000004145.jpg,True,False,partial,specific,True,False,False,False,False,chợ;nón_lá,chợ,"ViG mô tả đúng cultural term chợ; bỏ sót cultural term nón_lá; bỏ sót/giảm nhẹ các chi tiết hàng, đội, nón, lá và quầy.",2026-06-06T20:12:09+00:00
4146,00000004146.jpg,True,False,partial,generic,False,False,True,True,False,,,"ViG chưa khớp rõ với các chi tiết chính trong ảnh; bỏ sót/giảm nhẹ các chi tiết ghế, giày, đen, mặc và váy; lệch sang các chi tiết cạnh và bàn.",2026-06-06T21:31:24+00:00
4182,00000004182.jpg,True,False,partial,specific,False,False,False,True,False,,,"ViG mô tả đúng một số chi tiết như cặp và đôi; bỏ sót/giảm nhẹ các chi tiết ba_lô, cạnh, đeo, cùng và nhìn; lệch sang các chi tiết nắm, tay, nhau và quần_áo.",2026-06-06T21:31:35+00:00
4218,00000004218.jpg,True,False,correct,specific,False,False,False,False,False,,,"ViG mô tả đúng một số chi tiết như hàng, kệ, rau và củ; bỏ sót/giảm nhẹ các chi tiết mặt_hàng, nông_sản, bày_bán, rổ và đựng",2026-06-06T21:31:42+00:00
4220,00000004220.jpg,True,False,wrong,specific,False,False,True,True,False,,,"ViG mô tả đúng một số chi tiết như bộ; bỏ sót/giảm nhẹ các chi tiết đường, mang, túi_xách, nhà và đóng_cửa; lệch sang các chi tiết vỉa_hè.",2026-06-06T21:31:50+00:00
4232,00000004232.jpg,True,False,partial,specific,False,False,False,True,True,đèn_lồng,đèn_lồng,"ViG mô tả đúng cultural term đèn_lồng; bỏ sót/giảm nhẹ các chi tiết cửa_hàng, phải, trang_trí, không và gian; lệch sang các chi tiết treo.",2026-06-06T20:12:27+00:00
4270,00000004270.jpg,True,False,correct,specific,False,False,False,False,False,,,"ViG mô tả đúng một số chi tiết như tường và trưng_bày; bỏ sót/giảm nhẹ các chi tiết treo, đóng_khung, căn và phòng;",2026-06-06T21:31:58+00:00
4271,00000004271.jpg,True,False,correct,specific,True,False,False,False,False,chợ;chợ_đêm,chợ,"ViG mô tả đúng cultural term chợ; bỏ sót cultural term chợ_đêm; bỏ sót/giảm nhẹ các chi tiết đêm, tham_gia, quầy, hàng và đường.",2026-06-06T20:12:39+00:00
4302,00000004302.jpg,True,False,correct,specific,False,False,False,False,False,,,"ViG mô tả đúng một số chi tiết như kệ và hàng; bỏ sót/giảm nhẹ các chi tiết xe, đẩy, siêu_thị, hàng_hoá và chất;",2026-06-06T21:32:07+00:00
4307,00000004307.jpg,True,False,correct,specific,False,False,False,False,False,,,"ViG mô tả đúng một số chi tiết như đôi, cặp, phố và bộ; bỏ sót/giảm nhẹ các chi tiết cạnh, nhau, sải, bước và cùng.",2026-06-06T21:32:14+00:00
4311,00000004311.jpg,True,False,wrong,unsure,False,False,True,True,False,,,"ViG mô tả đúng một số chi tiết như đỏ; bỏ sót/giảm nhẹ các chi tiết bé, xe_điện, đụng, hai và nam; lệch sang các chi tiết mặc, áo và đường.",2026-06-06T21:32:24+00:00
4324,00000004324.jpg,True,False,partial,generic,False,True,False,False,False,,,"ViG chưa khớp rõ với các chi tiết chính trong ảnh; bỏ sót/giảm nhẹ các chi tiết tay, hộp, sữa, cầm và bé; lệch sang các chi tiết kệ, hàng và hai.",2026-06-06T21:32:38+00:00
4334,00000004334.jpg,True,False,partial,specific,False,False,False,False,False,,,"ViG mô tả đúng một số chi tiết như hàng, kệ, bày_bán và loại; bỏ sót/giảm nhẹ các chi tiết trái_cây, siêu_thị, mặt_hàng, bán và quầy; lệch sang các chi tiết rau, củ và quả.",2026-06-06T21:32:47+00:00
4339,00000004339.jpg,True,False,correct,specific,False,False,False,False,False,,,"ViG chưa khớp rõ với các chi tiết chính trong ảnh; bỏ sót/giảm nhẹ các chi tiết đỏ, áo, mặc, giỏ và hàng;",2026-06-06T21:32:54+00:00
4366,00000004366.jpg,True,False,correct,specific,False,False,False,False,False,,,"ViG mô tả đúng một số chi tiết như biển, tàu và di_chuyển; bỏ sót/giảm nhẹ các chi tiết giàn, khoan, gần, đỏ và đặt.",2026-06-06T21:33:00+00:00
4370,00000004370.jpg,True,False,correct,specific,False,True,False,False,False,,,"ViG mô tả đúng một số chi tiết như nhóm; bỏ sót/giảm nhẹ các chi tiết đỏ, đứa, tay, túi và trẻ;",2026-06-06T21:33:10+00:00
4385,00000004385.jpg,True,False,correct,specific,False,False,False,False,False,chợ,chợ,"ViG mô tả đúng cultural term chợ; bỏ sót/giảm nhẹ các chi tiết mặc, áo, cam, tham_gia và mua_sắm.",2026-06-06T20:12:47+00:00
4401,00000004401.jpg,True,False,correct,specific,False,False,False,False,False,,,"ViG mô tả đúng một số chi tiết như kệ, hàng, rau và củ; bỏ sót/giảm nhẹ các chi tiết loại, bày_bán, nông_sản và đặt.",2026-06-06T21:33:15+00:00
4404,00000004404.jpg,True,False,correct,generic,False,True,False,False,False,,,"ViG mô tả đúng một số chi tiết như nhóm; bỏ sót/giảm nhẹ các chi tiết quán, cà_phê, áo, cam và tay;",2026-06-06T21:33:23+00:00
4424,00000004424.jpg,True,False,correct,specific,False,False,False,False,False,,,"ViG mô tả đúng một số chi tiết như siêu_thị, bày_bán và hàng_hoá; bỏ sót/giảm nhẹ các chi tiết chùm, bóng, bay, kệ và hàng;",2026-06-06T21:33:34+00:00
4429,00000004429.jpg,True,False,wrong,unsure,False,True,False,False,False,,đèn_lồng,"ViG chưa khớp rõ với các chi tiết chính trong ảnh; bỏ sót/giảm nhẹ các chi tiết bộ, bàn_ghế, quán, nhóm và cửa_hàng; sinh thêm cultural term đèn_lồng không phù hợp với ảnh; lệch sang các chi tiết đèn_lồng, treo, trần và nhà.",2026-06-06T21:33:47+00:00
4437,00000004437.jpg,True,False,correct,specific,False,False,False,False,False,chợ,chợ,"ViG mô tả đúng cultural term chợ; bỏ sót/giảm nhẹ các chi tiết hoa, mua, tham_gia, chậu và cây_cảnh.",2026-06-06T20:12:56+00:00
4454,00000004454.jpg,True,False,partial,specific,True,True,False,False,False,chợ;nón_lá,,"ViG mô tả đúng một số chi tiết như di_chuyển; bỏ sót cultural term chợ và nón_lá; bỏ sót/giảm nhẹ các chi tiết bán_hoa, đội, nón, lá và gần; lệch sang các chi tiết đường.",2026-06-06T20:13:44+00:00
4467,00000004467.jpg,True,False,correct,specific,False,False,False,False,False,chợ,chợ,"ViG mô tả đúng một số chi tiết như quần_áo; bỏ sót/giảm nhẹ các chi tiết hai, lối, cửa_hàng và hàng; sinh thêm cultural term chợ phù hợp với ảnh",2026-06-06T21:34:11+00:00
4468,00000004468.jpg,True,False,partial,specific,False,False,False,False,False,,,"ViG mô tả đúng một số chi tiết như xe_máy và dựng; bỏ sót/giảm nhẹ các chi tiết đường, hai, cửa, căn và nhà; lệch sang các chi tiết một_vài và vỉa_hè.",2026-06-06T21:34:22+00:00
4503,00000004503.jpg,True,False,correct,specific,False,False,False,False,False,chợ,chợ,"ViG mô tả đúng cultural term chợ; bỏ sót/giảm nhẹ các chi tiết hàng, sạp, mua, mặc và bày_bán.",2026-06-06T20:13:51+00:00
4515,00000004515.jpg,True,False,correct,specific,False,False,False,False,False,,,"ViG mô tả đúng một số chi tiết như đường và di_chuyển; bỏ sót/giảm nhẹ các chi tiết cây_xanh, hai, hàng, xe_cộ và lưu_thông;",2026-06-06T21:34:28+00:00
4526,00000004526.jpg,True,False,correct,specific,False,False,False,False,False,,,"ViG mô tả đúng một số chi tiết như một_vài và ô_tô; bỏ sót/giảm nhẹ các chi tiết nhà, lẵng, hoa, toà",2026-06-06T21:34:41+00:00
4560,00000004560.jpg,True,False,correct,generic,True,True,False,False,False,nón_lá,,"ViG chưa khớp rõ với các chi tiết chính trong ảnh; bỏ sót cultural term nón_lá; bỏ sót/giảm nhẹ các chi tiết dắt, xe_đạp, đội, nón và lá; lệch sang các chi tiết một_vài và vỉa_hè.",2026-06-06T20:14:01+00:00
4568,00000004568.jpg,True,False,correct,specific,False,False,False,False,False,,,"ViG mô tả đúng một số chi tiết như hoa_quả, loại và bày_bán; bỏ sót/giảm nhẹ các chi tiết hàng, sạp, quầy, mặt_hàng và hai;.",2026-06-06T21:34:52+00:00
4576,00000004576.jpg,True,False,partial,specific,True,False,False,False,False,khu_di_tích;di_tích_lịch_sử;nhà_cổ,áo_dài;ngôi_đền,"ViG mô tả đúng một số chi tiết như mặc; bỏ sót cultural term di_tích_lịch_sử, khu_di_tích và nhà_cổ; bỏ sót/giảm nhẹ các chi tiết khu, di_tích, lưng, cổng và lịch_sử; sinh thêm cultural term ngôi_đền và áo_dài không phù hợp với ảnh; lệch sang các chi tiết áo_dài, ngôi và đền.",2026-06-06T20:14:19+00:00
4586,00000004586.jpg,True,False,correct,specific,False,False,False,False,False,chợ,chợ,"ViG mô tả đúng cultural term chợ; bỏ sót/giảm nhẹ các chi tiết túi, mặt_đất, đựng, đặt và lối;",2026-06-06T20:14:35+00:00
4593,00000004593.jpg,True,False,partial,generic,True,True,False,False,False,đèn_lồng;áo_dài,đèn_lồng,"ViG mô tả đúng cultural term đèn_lồng; bỏ sót cultural term áo_dài; bỏ sót/giảm nhẹ các chi tiết trang_trí, không, gian, hai và mặc.",2026-06-06T20:14:56+00:00
4598,00000004598.jpg,True,False,correct,specific,False,False,False,False,False,chợ,chợ,"ViG mô tả đúng cultural term chợ; bỏ sót/giảm nhẹ các chi tiết cổng, tụ_tập, đám, đông và nhóm.",2026-06-06T20:15:02+00:00
4633,00000004633.jpg,True,False,correct,specific,False,False,False,False,False,,,"ViG mô tả đúng một số chi tiết như ô_tô, đỗ và đường; bỏ sót/giảm nhẹ các chi tiết xe, toà, nhà và năm;",2026-06-06T21:35:09+00:00
4653,00000004653.jpg,True,False,correct,specific,False,False,False,False,False,,,"ViG mô tả đúng một số chi tiết như tàu và biển; bỏ sót/giảm nhẹ các chi tiết trắng, di_chuyển, nổi và mặt_biển.",2026-06-06T21:35:14+00:00
4657,00000004657.jpg,True,False,partial,generic,True,True,False,False,False,áo_dài,,ViG mô tả đúng một số chi tiết như nhóm; bỏ sót cultural term áo_dài,2026-06-06T22:11:35+00:00
4658,00000004658.jpg,True,False,wrong,specific,False,False,False,False,False,,,"ViG chưa khớp rõ với các chi tiết chính trong ảnh; bỏ sót/giảm nhẹ các chi tiết nước, thác, sườn, núi và gần; lệch sang các chi tiết chụp, bãi và biển.",2026-06-06T21:35:20+00:00
4660,00000004660.png,True,False,wrong,specific,False,False,True,True,False,,,"ViG mô tả đúng một số chi tiết như bộ và bàn_ghế; bỏ sót/giảm nhẹ các chi tiết quán, bày, tranh, treo và tường; lệch sang các chi tiết đặt, trần và nhà.",2026-06-06T21:35:26+00:00
4663,00000004663.jpg,True,False,correct,generic,False,True,False,False,False,,,"ViG mô tả đúng một số chi tiết như nhà; bỏ sót/giảm nhẹ các chi tiết căn, gỗ, cây, vườn",2026-06-06T21:35:36+00:00
4673,00000004673.jpg,True,False,correct,specific,False,False,False,False,False,,,"ViG mô tả đúng một số chi tiết như nắm, tay, đôi và nhau; bỏ sót/giảm nhẹ các chi tiết mặc, váy, trắng, phố và dài;",2026-06-06T21:35:47+00:00
4675,00000004675.jpg,True,False,correct,specific,False,False,False,False,False,,,"ViG mô tả đúng một số chi tiết như đường và di_chuyển; bỏ sót/giảm nhẹ các chi tiết toà, vàng, nhà_lớn, xe_cộ và nhà;",2026-06-06T21:35:56+00:00
4688,00000004688.jpg,True,False,correct,specific,False,False,False,False,False,xích_lô,xích_lô,"ViG mô tả đúng cultural term xích_lô; bỏ sót/giảm nhẹ các chi tiết hai, nhau, cạnh, trao_đổi và nói_chuyện.",2026-06-06T20:15:09+00:00
4705,00000004705.jpg,True,False,wrong,unsure,False,False,True,True,False,,,"ViG mô tả đúng một số chi tiết như hai; bỏ sót/giảm nhẹ các chi tiết bắt_tay, thùng, đeo, kính và cửa_hàng;",2026-06-06T21:36:06+00:00
4724,00000004724.jpg,True,False,wrong,specific,False,False,True,True,True,nón_lá,nón_lá,"ViG mô tả đúng cultural term nón_lá; bỏ sót/giảm nhẹ các chi tiết túi, rau, chùm, nhãn và bao.",2026-06-06T20:15:35+00:00
4734,00000004734.jpg,True,False,correct,generic,False,True,False,False,False,,,"ViG chưa khớp rõ với các chi tiết chính trong ảnh; bỏ sót/giảm nhẹ các chi tiết tranh, vẽ, phố, di_chuyển và khu_vực;",2026-06-06T21:36:15+00:00
4737,00000004737.jpg,True,False,correct,specific,False,False,False,False,False,,,"ViG mô tả đúng một số chi tiết như siêu_thị; bỏ sót/giảm nhẹ các chi tiết rau, củ, quả, quầy và hàng.",2026-06-06T21:36:22+00:00
4752,00000004752.jpg,True,False,wrong,unsure,False,True,True,True,False,,,"ViG chưa khớp rõ với các chi tiết chính trong ảnh; bỏ sót/giảm nhẹ các chi tiết biểu_tượng, nền, xanh, đặt và nước_biển; lệch sang các chi tiết tường.",2026-06-06T21:36:37+00:00
4792,00000004792.jpg,True,False,correct,specific,True,False,False,False,False,,,,2026-06-06T20:15:55+00:00
4809,00000004809.jpg,True,False,correct,generic,True,True,False,False,False,đèn_lồng;khu_phố_cổ,đèn_lồng,"ViG mô tả đúng cultural term đèn_lồng; bỏ sót cultural term khu_phố_cổ; bỏ sót/giảm nhẹ các chi tiết khu_phố, không, gian, trang_trí và xe_đạp.",2026-06-06T20:16:08+00:00
4828,00000004828.jpg,True,False,correct,specific,False,False,False,False,False,nhà_thờ,nhà_thờ,ViG mô tả đúng cultural term nhà_thờ;,2026-06-06T20:16:24+00:00
4847,00000004847.jpg,True,False,correct,specific,True,False,False,False,False,hàng_rong;nón_lá,nón_lá,"ViG mô tả đúng cultural term nón_lá; bỏ sót cultural term hàng_rong; bỏ sót/giảm nhẹ các chi tiết gánh, đòn_gánh, hàng, rong và vỉa_hè; lệch sang các chi tiết đường.",2026-06-06T20:16:38+00:00
4873,00000004873.jpg,True,False,wrong,generic,True,True,True,True,False,nón_lá,chợ,"ViG chưa khớp rõ với các chi tiết chính trong ảnh; bỏ sót cultural term nón_lá; bỏ sót/giảm nhẹ các chi tiết vườn, cây, chụp, tự và sướng; sinh thêm cultural term chợ không phù hợp với ảnh; lệch sang các chi tiết nhóm, khu và chợ.",2026-06-06T20:16:56+00:00
4909,00000004909.jpg,True,False,wrong,unsure,False,True,True,True,False,,,"ViG mô tả đúng một số chi tiết như nhóm; bỏ sót/giảm nhẹ các chi tiết mặc, đồ, bảo_hộ, đường và áo; lệch sang các chi tiết vỉa_hè.",2026-06-06T21:36:47+00:00
4914,00000004914.jpg,True,False,wrong,unsure,False,False,True,True,False,,,"ViG chưa khớp rõ với các chi tiết chính trong ảnh; bỏ sót/giảm nhẹ các chi tiết cửa_hàng, đồ_ăn, tầng, quán và ăn; lệch sang các chi tiết vỉa_hè.",2026-06-06T21:36:57+00:00
4929,00000004929.png,True,False,wrong,specific,True,False,True,True,False,xuồng;nón_lá,nón_lá,"ViG chưa khớp rõ với các chi tiết chính trong ảnh; bỏ sót cultural term xuồng; sai hành động của cô gái đội nón lá -  ""đứng"".",2026-06-06T20:17:52+00:00
4962,00000004962.jpg,True,False,correct,generic,False,True,False,False,False,,,"ViG mô tả đúng một số chi tiết như nhóm; bỏ sót/giảm nhẹ các chi tiết băng, cắt, cầm, để và dải; l",2026-06-06T21:37:06+00:00
4990,00000004990.jpg,True,False,partial,generic,True,True,False,False,False,xuồng,,"ViG mô tả đúng một số chi tiết như mặt_nước; bỏ sót cultural term xuồng; bỏ sót/giảm nhẹ các chi tiết chạm, tay, nước, dòng và ngón.",2026-06-06T20:18:17+00:00
5005,00000005005.png,True,False,wrong,unsure,False,True,False,False,False,,,"ViG chưa khớp rõ với các chi tiết chính trong ảnh; bỏ sót/giảm nhẹ các chi tiết đường, cây, cột, chỉ và gần; lệch sang các chi tiết một_vài, tấm và bia.",2026-06-06T21:37:15+00:00
5015,00000005015.jpg,True,False,correct,specific,False,False,False,False,False,,,"ViG mô tả đúng một số chi tiết như xe, đẩy và siêu_thị; bỏ sót/giảm nhẹ các chi tiết áo, trắng, hàng, mặc và kệ.",2026-06-06T21:37:22+00:00
5030,00000005030.jpg,True,False,wrong,specific,False,False,False,True,False,,,"ViG mô tả đúng một số chi tiết như đường, ô_tô và một_vài; bỏ sót/giảm nhẹ các chi tiết tấm, bảng_màu, đỏ, xe và đỗ; lệch sang các chi tiết di_chuyển.",2026-06-06T21:37:34+00:00
5033,00000005033.jpg,True,False,wrong,generic,True,True,False,True,False,xích_lô,,"ViG mô tả đúng một số chi tiết như đường; bỏ sót cultural term xích_lô; bỏ sót/giảm nhẹ các chi tiết xích_lô, đạp, mũ, cối và điều_khiển; lệch sang các chi tiết xe_máy và di_chuyển.",2026-06-06T20:18:33+00:00
5058,00000005058.jpg,True,False,correct,specific,False,False,False,False,False,,,"ViG mô tả đúng một số chi tiết như đường; bỏ sót/giảm nhẹ các chi tiết bộ, phố, chụp, buổi và đêm; l",2026-06-06T21:37:41+00:00
5060,00000005060.jpg,True,False,correct,generic,False,True,False,False,False,,,"ViG mô tả đúng một số chi tiết như nhóm; bỏ sót/giảm nhẹ các chi tiết tủ, kính, gần, mặt và bảo_tàng;",2026-06-06T21:37:55+00:00
5072,00000005072.jpg,True,False,partial,specific,True,False,False,False,False,cờ;nón_lá,,"ViG mô tả đúng một số chi tiết như đường; bỏ sót cultural term cờ; bỏ sót/giảm nhẹ các chi tiết bộ, nhóm, lá, cờ và ngôi; lệch sang các chi tiết di_chuyển.",2026-06-06T20:18:55+00:00
5079,00000005079.jpg,True,False,correct,specific,False,False,False,False,False,,,"ViG mô tả đúng một số chi tiết như hai, ngôi và nhà; bỏ sót/giảm nhẹ các chi tiết tạo_dáng, chụp, lan_can, lợp và mái.",2026-06-06T21:38:07+00:00
5125,00000005125.jpg,True,False,wrong,unsure,False,False,True,True,False,,,"ViG mô tả đúng một số chi tiết như tranh và tường; bỏ sót/giảm nhẹ các chi tiết vẽ, nhóm, thực_hiện và một_vài; lệch sang các chi tiết mặc, áo và trắng.",2026-06-06T21:38:17+00:00
5126,00000005126.jpg,True,False,partial,unsure,False,True,False,True,True,,,"ViG chưa khớp rõ với các chi tiết chính trong ảnh; bỏ sót/giảm nhẹ các chi tiết tượng, trưng_bày, bảo_tàng, căn và phòng.",2026-06-06T21:38:32+00:00
5137,00000005137.jpg,True,False,correct,specific,False,False,False,False,False,áo_dài,áo_dài,"ViG mô tả đúng cultural term áo_dài; bỏ sót/giảm nhẹ các chi tiết xanh, tay, cành, hoa và cầm.",2026-06-06T20:19:02+00:00
5142,00000005142.jpg,True,False,correct,specific,False,False,False,False,False,,,"ViG chưa khớp rõ với các chi tiết chính trong ảnh; bỏ sót/giảm nhẹ các chi tiết kệ, hàng, sản_phẩm, gói và chất;",2026-06-06T21:38:41+00:00
5151,00000005151.jpg,True,False,correct,specific,False,True,False,False,False,,,"ViG mô tả đúng một số chi tiết như kệ; bỏ sót/giảm nhẹ các chi tiết tay, sắp_xếp, hàng_hoá, nhân_viên và siêu_thị;",2026-06-06T21:38:50+00:00
5154,00000005154.jpg,True,False,correct,specific,False,False,False,False,False,,,"ViG mô tả đúng một số chi tiết như kệ và hàng; bỏ sót/giảm nhẹ các chi tiết đĩa, chuối, nải, đen và đựng;",2026-06-06T21:39:04+00:00
5160,00000005160.jpeg,True,False,wrong,unsure,False,True,False,False,False,,,"ViG chưa khớp rõ với các chi tiết chính trong ảnh; bỏ sót/giảm nhẹ các chi tiết điện_thoại, hai, vàng, trái và thì; lệch sang các chi tiết tranh, tủ và kính.",2026-06-06T21:39:11+00:00
5168,00000005168.jpg,True,False,correct,specific,False,False,False,False,False,,,"ViG mô tả đúng một số chi tiết như quầy, hàng, mặc và áo; bỏ sót/giảm nhẹ các chi tiết đồ_ăn, bán, đường, một_vài và mở;",2026-06-06T21:39:21+00:00
5170,00000005170.jpg,True,False,correct,specific,False,False,False,False,False,,,"ViG mô tả đúng một số chi tiết như siêu_thị; bỏ sót/giảm nhẹ các chi tiết mua, hàng, khách, đám và đông.",2026-06-06T21:39:27+00:00
5174,00000005174.jpg,True,False,partial,specific,False,False,False,False,False,,,"ViG mô tả đúng một số chi tiết như bàn; bỏ sót/giảm nhẹ các chi tiết căn, phòng, họp, micro và đặt.",2026-06-06T21:39:33+00:00
5193,00000005193.jpg,True,False,wrong,generic,True,True,True,True,False,chợ,,"ViG chưa khớp rõ với các chi tiết chính trong ảnh; bỏ sót cultural term chợ; bỏ sót/giảm nhẹ các chi tiết khu, chợ, thang_cuốn và thang; lệch sang các chi tiết một_vài, khu_vực và thanh_toán.",2026-06-06T20:19:16+00:00
5197,00000005197.jpg,True,False,correct,specific,False,False,False,False,False,,,"ViG mô tả đúng một số chi tiết như kệ; bỏ sót/giảm nhẹ các chi tiết tay, sản_phẩm, cầm, sắp_xếp và hàng_hoá;",2026-06-06T21:39:41+00:00
5206,00000005206.jpg,True,False,correct,specific,False,False,False,False,False,,,"ViG mô tả đúng một số chi tiết như căn, phòng và trưng_bày; bỏ sót/giảm nhẹ các chi tiết tượng, nhóm, tham_quan, một_vài và chú_ý.",2026-06-06T21:39:48+00:00
5230,00000005230.jpg,True,False,correct,specific,False,False,False,False,False,,,"ViG mô tả đúng một số chi tiết như siêu_thị; bỏ sót/giảm nhẹ các chi tiết mặc, áo, một_vài, mua_sắm và xe.",2026-06-06T21:39:53+00:00
5237,00000005237.jpg,True,False,correct,specific,False,False,False,False,False,,,"ViG mô tả đúng một số chi tiết như bảng_hiệu; bỏ sót/giảm nhẹ các chi tiết quán, thang, sữa, chữa và khu_vực.",2026-06-06T21:39:59+00:00
5240,00000005240.jpeg,True,False,wrong,unsure,False,False,True,True,False,,,"ViG chưa khớp rõ với các chi tiết chính trong ảnh; bỏ sót/giảm nhẹ các chi tiết chế_biến, thức_ăn, nam, thanh_niên và quầy; lệch sang các chi tiết mặc, áo, đen và bàn.",2026-06-06T21:40:07+00:00
5295,00000005295.jpg,True,False,wrong,unsure,False,False,False,False,False,,,"ViG chưa khớp rõ với các chi tiết chính trong ảnh; bỏ sót/giảm nhẹ các chi tiết đôi, cánh, đồng, bạn và trẻ; lệch sang các chi tiết hai, bãi và cỏ.",2026-06-06T21:40:16+00:00
5345,00000005345.jpg,True,False,correct,specific,False,False,False,False,False,,,"ViG mô tả đúng một số chi tiết như kệ và hàng; bỏ sót/giảm nhẹ các chi tiết tay, cạnh, áo, xanh và xe.",2026-06-06T21:40:21+00:00
5349,00000005349.jpg,True,False,partial,generic,False,True,False,False,False,,,"ViG chưa khớp rõ với các chi tiết chính trong ảnh; bỏ sót/giảm nhẹ các chi tiết tấm, bia, dòng, chữ và đỏ;",2026-06-06T21:40:37+00:00
5377,00000005377.jpg,True,False,partial,generic,True,True,False,False,False,nón_lá;ghe,,"ViG mô tả đúng một số chi tiết như thuyền; bỏ sót cultural term nón_lá; bỏ sót/giảm nhẹ các chi tiết chèo, sông, đội, nón và lá.",2026-06-06T20:19:36+00:00
5379,00000005379.jpg,True,False,wrong,unsure,False,False,False,False,False,,,"ViG mô tả đúng một số chi tiết như đường và ô_tô; bỏ sót/giảm nhẹ các chi tiết trắng, xe_hơi, di_chuyển, lưu_thông và chạy; lệch sang các chi tiết đỗ.",2026-06-06T21:40:46+00:00
5382,00000005382.jpg,True,False,wrong,unsure,False,True,False,False,False,,,"ViG chưa khớp rõ với các chi tiết chính trong ảnh; bỏ sót/giảm nhẹ các chi tiết tay, điện_thoại, cầm, tấm và bảng; lệch sang các chi tiết kệ và hàng.",2026-06-06T21:41:01+00:00
5390,00000005390.jpg,True,False,partial,generic,False,False,False,False,False,,,"ViG chưa khớp rõ với các chi tiết chính trong ảnh; bỏ sót/giảm nhẹ các chi tiết hàng, quầy, mặc, váy và tím; lệch sang các chi tiết mặt_hàng, đồ, trang_trí, bày_bán và cửa_hàng.",2026-06-06T21:41:17+00:00
5391,00000005391.jpg,True,False,correct,specific,False,False,False,False,False,,,"ViG mô tả đúng một số chi tiết như quần_áo và cửa_hàng; bỏ sót/giảm nhẹ các chi tiết lựa_chọn, sạp, hàng, đàn_ông_đội và mũ_bảo_hiểm;",2026-06-06T21:41:25+00:00
5395,00000005395.jpg,True,False,partial,generic,False,False,True,True,False,nón_lá,nón_lá,"ViG mô tả đúng cultural term nón_lá; bỏ sót/giảm nhẹ các chi tiết tượng, chân, mặc, áo và xanh; lệch sang các chi tiết bãi và cỏ.",2026-06-06T20:19:59+00:00
5397,00000005397.jpg,True,False,partial,specific,False,False,False,False,False,,,"ViG mô tả đúng một số chi tiết như siêu_thị; bỏ sót/giảm nhẹ các chi tiết chen_chúc, cửa_hàng, mua, hàng và mọi.",2026-06-06T21:41:35+00:00
5504,00000005504.jpg,True,False,wrong,unsure,False,True,False,False,False,,,"ViG mô tả đúng một số chi tiết như hai; bỏ sót/giảm nhẹ các chi tiết quảng_cáo, chụp, ngôi, nhà và sông; lệch sang các chi tiết bàn.",2026-06-06T21:41:43+00:00
5509,00000005509.jpg,True,False,partial,generic,True,True,False,False,False,xuồng;áo_dài,,"ViG mô tả đúng một số chi tiết như cặp và đôi; bỏ sót cultural term xuồng và áo_dài; bỏ sót/giảm nhẹ các chi tiết nhau, xuồng, mặc, cạnh và âu_yếm; lệch sang các chi tiết sông.",2026-06-06T20:20:13+00:00
5546,00000005546.jpg,True,False,wrong,unsure,False,True,True,True,False,,,"ViG mô tả đúng một số chi tiết như tấm; bỏ sót/giảm nhẹ các chi tiết bản_đồ, xanh, chụp, biểu_tượng và trắng; lệch sang các chi tiết biển và quảng_cáo.",2026-06-06T21:41:54+00:00
5577,00000005577.jpg,True,False,correct,specific,False,False,False,False,False,,,"ViG mô tả đúng một số chi tiết như thuyền và di_chuyển; bỏ sót/giảm nhẹ các chi tiết nhóm, sông và bằng; lệch sang các chi tiết mặt_nước.",2026-06-06T21:41:59+00:00
5963,00000005963.jpg,True,False,correct,specific,False,False,False,False,False,,,"ViG mô tả đúng một số chi tiết như hồ và nước; bỏ sót/giảm nhẹ các chi tiết toà, nhà, cây_xanh, mặt_nước và gần.",2026-06-06T21:42:06+00:00
5964,00000005964.jpg,True,False,correct,specific,False,False,False,False,False,,,"ViG mô tả đúng một số chi tiết như tranh; bỏ sót/giảm nhẹ các chi tiết vẽ, tường và phố.",2026-06-06T21:42:11+00:00
5969,00000005969.jpg,True,False,wrong,generic,True,False,True,True,False,áo_dài,khu_di_tích,"ViG chưa khớp rõ với các chi tiết chính trong ảnh; bỏ sót cultural term áo_dài; bỏ sót/giảm nhẹ các chi tiết chiếu, lạy, cúi, mặc và áo_dài; sinh thêm cultural term khu_di_tích không phù hợp với ảnh; lệch sang các chi tiết khu và di_tích.",2026-06-06T20:20:35+00:00
5981,00000005981.jpg,True,False,wrong,generic,False,True,False,False,False,,,"ViG chưa khớp rõ với các chi tiết chính trong ảnh; bỏ sót/giảm nhẹ các chi tiết hoa, nhóm, bó, đeo và cành; lệch sang các chi tiết cửa_hàng.",2026-06-06T21:42:31+00:00
5998,00000005998.jpg,True,False,correct,specific,False,False,False,False,False,,,"ViG mô tả đúng một số chi tiết như di_chuyển; bỏ sót/giảm nhẹ các chi tiết hai, nhau, cạnh, lan_can và ban_công;",2026-06-06T21:42:40+00:00
6045,00000006045.jpg,True,False,correct,generic,True,True,False,False,False,xuồng;thuyền,thuyền,"ViG mô tả đúng một số chi tiết như thuyền và mặt_nước; bỏ sót cultural term xuồng; bỏ sót/giảm nhẹ các chi tiết xuồng, lớn, đậu, cạnh và chở.",2026-06-06T20:33:29+00:00
6058,00000006058.jpg,True,False,partial,generic,True,True,False,False,False,áo_dài,,"ViG mô tả đúng một số chi tiết như cặp, đôi và đường; bỏ sót cultural term áo_dài; bỏ sót/giảm nhẹ các chi tiết tay, mặc, nắm, áo_dài và nhau; lệch sang các chi tiết di_chuyển.",2026-06-06T20:21:02+00:00
6065,00000006065.jpg,True,False,partial,generic,True,True,False,False,False,áo_dài;chợ,,"ViG mô tả đúng một số chi tiết như quầy; bỏ sót cultural term chợ và áo_dài; bỏ sót/giảm nhẹ các chi tiết xanh, mặc, áo, cười và đội; lệch sang các chi tiết một_vài và hàng.",2026-06-06T20:21:23+00:00
6079,00000006079.jpg,True,False,wrong,unsure,False,False,True,True,False,,,"ViG mô tả đúng một số chi tiết như bãi; bỏ sót/giảm nhẹ các chi tiết biển, nhìn, cao, khu_vực và đông; lệch sang các chi tiết cát và cây_xanh.",2026-06-06T21:43:00+00:00
6086,00000006086.jpg,True,False,partial,generic,False,True,False,False,False,,,"ViG chưa khớp rõ với các chi tiết chính trong ảnh; bỏ sót/giảm nhẹ các chi tiết vải, hàng, bán, quầy và hai; lệch sang các chi tiết cầm, tay và túi.",2026-06-06T21:43:16+00:00
6090,00000006090.jpg,True,False,wrong,specific,False,False,True,True,False,,,"ViG mô tả đúng một số chi tiết như quầy và một_vài; bỏ sót/giảm nhẹ các chi tiết nhóm, nhau, cùng, hàng và kiểm_tra; lệch sang các chi tiết thu_ngân.",2026-06-06T21:43:27+00:00
6093,00000006093.png,True,False,correct,specific,False,False,False,False,False,,,"ViG chưa khớp rõ với các chi tiết chính trong ảnh; bỏ sót/giảm nhẹ các chi tiết nhìn, nhau, tài_xế, công_nghệ và vỉa_hè; lệch sang các chi tiết mặc, áo, xanh và đường.",2026-06-06T21:43:51+00:00
6125,00000006125.jpg,True,False,partial,generic,True,True,False,False,False,xuồng,,"ViG chưa khớp rõ với các chi tiết chính trong ảnh; bỏ sót cultural term xuồng; bỏ sót/giảm nhẹ các chi tiết thuyền, tung, mảnh, lưới và bởi; lệch sang các chi tiết sông.",2026-06-06T20:21:31+00:00
6134,00000006134.jpg,True,False,wrong,unsure,True,False,True,True,True,chợ,,"ViG mô tả đúng một số chi tiết như quầy và hàng; bỏ sót cultural term chợ; bỏ sót/giảm nhẹ các chi tiết thịt, khay, tạp_dề, hồng và đeo; lệch sang các chi tiết mặt_hàng, rau, củ, quả và bày_bán.",2026-06-06T20:21:47+00:00
6184,00000006184.jpg,True,False,wrong,unsure,False,True,False,False,False,,,"ViG chưa khớp rõ với các chi tiết chính trong ảnh; bỏ sót/giảm nhẹ các chi tiết trắng, mặc, áo, bộ và đường; lệch sang các chi tiết vỉa_hè.",2026-06-06T21:44:01+00:00
6203,00000006203.jpg,True,False,correct,specific,False,False,False,False,False,,,"ViG mô tả đúng một số chi tiết như vỉa_hè; bỏ sót/giảm nhẹ các chi tiết xe_máy, nhóm, ăn_ở, đường và mặc;",2026-06-06T21:44:11+00:00
6217,00000006217.jpg,True,False,partial,generic,True,True,False,True,False,đèn_lồng,áo_dài,"ViG mô tả đúng một số chi tiết như chụp, mặc và tạo_dáng; bỏ sót cultural term đèn_lồng; bỏ sót/giảm nhẹ các chi tiết đèn_lồng, váy, trắng, ánh và nắng; sinh thêm cultural term áo_dài không phù hợp với ảnh; lệch sang các chi tiết áo_dài.",2026-06-06T20:22:08+00:00
6229,00000006229.jpg,True,False,correct,specific,False,False,False,False,False,,,"ViG mô tả đúng một số chi tiết như phát_biểu, mặc, áo và trắng; bỏ sót/giảm nhẹ các chi tiết để, dậy, ca, nước và ly; lệch sang các chi tiết sơ_mi.",2026-06-06T21:44:17+00:00
6239,00000006239.jpg,True,False,wrong,generic,False,False,True,True,False,áo_dài,áo_dài,"ViG mô tả đúng cultural term áo_dài; bỏ sót/giảm nhẹ các chi tiết vàng, bãi, cỏ, ngôi và nhà; lệch chi tiết ban_công.",2026-06-06T20:22:35+00:00
6240,00000006240.jpg,True,False,correct,specific,False,False,False,False,False,,,"ViG mô tả đúng một số chi tiết như đồ, trang_trí, giáng_sinh và cửa_hàng; bỏ sót/giảm nhẹ các chi tiết món, quầy và hàng;",2026-06-06T21:44:25+00:00
6266,00000006266.jpg,True,False,partial,generic,False,False,True,False,False,,khu_di_tích,"ViG mô tả đúng một số chi tiết như chụp, tập_thể và nhóm; bỏ sót/giảm nhẹ các chi tiết đường, đám, đông, cây_xanh và hàng; sinh thêm cultural term khu_di_tích không phù hợp với ảnh; lệch sang các chi tiết khu và di_tích.",2026-06-06T21:44:40+00:00
6269,00000006269.jpg,True,False,partial,generic,True,True,False,False,False,hàng_rong,,"ViG mô tả đúng một số chi tiết như một_vài; bỏ sót cultural term hàng_rong; bỏ sót/giảm nhẹ các chi tiết lề_đường, sạp, hàng, rong và ngôi; lệch sang các chi tiết vỉa_hè.",2026-06-06T20:22:49+00:00
6310,00000006310.jpg,True,False,wrong,unsure,False,True,True,False,False,,,"ViG mô tả đúng một số chi tiết như tấm; bỏ sót/giảm nhẹ các chi tiết bia, đá, lưng, đồng_chí và bộ_đội; lệch sang các chi tiết bảng và thông_báo.",2026-06-06T21:44:52+00:00
6312,00000006312.jpg,True,False,wrong,unsure,False,True,False,False,False,,,"ViG chưa khớp rõ với các chi tiết chính trong ảnh; bỏ sót/giảm nhẹ các chi tiết nhóm, thanh_niên, bậc, thang và lối; lệch sang các chi tiết sân.",2026-06-06T21:45:03+00:00
6332,00000006332.jpg,True,False,wrong,generic,False,False,False,False,False,,,"ViG mô tả đúng một số chi tiết như nhóm; bỏ sót/giảm nhẹ các chi tiết tượng, tờ, giấy, tay và đồng_chí; lệch sang các chi tiết sân_khấu.",2026-06-06T21:45:09+00:00
6346,00000006346.jpg,True,False,wrong,unsure,False,False,True,True,False,,,"ViG mô tả đúng một số chi tiết như cặp, đôi và nhau; bỏ sót/giảm nhẹ các chi tiết âu_yếm, mặc, váy, vàng và dựa; lệch sang các chi tiết nắm, tay và phố.",2026-06-06T21:45:19+00:00
6366,00000006366.jpg,True,False,wrong,unsure,False,False,True,True,False,,,"ViG mô tả đúng một số chi tiết như cặp và đôi; bỏ sót/giảm nhẹ các chi tiết cầu_nguyện, ngôi, nhà, lợp và mái; lệch sang các chi tiết nắm, tay, nhau và chụp.",2026-06-06T21:45:29+00:00
6370,00000006370.jpg,True,False,wrong,unsure,True,True,True,True,False,kiến_trúc_cổ,áo_dài,"ViG mô tả đúng một số chi tiết như mặc và đường; bỏ sót cultural term kiến_trúc_cổ; bỏ sót/giảm nhẹ các chi tiết váy, hồng, bộ, ngôi và nhà; sinh thêm cultural term áo_dài không phù hợp với ảnh; lệch sang các chi tiết áo_dài.",2026-06-06T20:23:13+00:00
6391,00000006391.jpg,True,False,correct,specific,False,False,False,False,False,chợ,chợ,"ViG mô tả đúng cultural term chợ; bỏ sót/giảm nhẹ các chi tiết hàng, thịt, một_vài, quầy và mặc;",2026-06-06T20:23:29+00:00
6423,00000006423.jpg,True,False,correct,specific,False,False,False,False,False,,,"ViG mô tả đúng một số chi tiết như đường và xe_máy; bỏ sót/giảm nhẹ các chi tiết cây_xanh, nam, thanh_niên, chạy và mặc;",2026-06-06T21:45:38+00:00
6450,00000006450.jpg,True,False,wrong,unsure,False,True,False,True,False,,,"ViG chưa khớp rõ với các chi tiết chính trong ảnh; bỏ sót/giảm nhẹ các chi tiết nhóm, nhảy, mặc, áo và vàng; lệch sang các chi tiết một_vài, di_chuyển và vỉa_hè.",2026-06-06T21:45:52+00:00
6464,00000006464.jpg,True,False,wrong,unsure,False,True,False,False,False,,,"ViG mô tả đúng một số chi tiết như tay; bỏ sót/giảm nhẹ các chi tiết mặc, áo, vàng, bình_xịt và tấm; lệch sang các chi tiết cầm và hộp.",2026-06-06T21:45:59+00:00
7200,00000007200.jpg,True,False,wrong,unsure,False,False,True,False,False,,,"ViG mô tả đúng một số chi tiết như quán; bỏ sót/giảm nhẹ các chi tiết cà_phê, bộ, bàn_ghế, ngoài và đặt; lệch sang các chi tiết ăn.",2026-06-06T21:46:35+00:00
7214,00000007214.jpg,True,False,correct,specific,False,False,False,False,False,,,"ViG mô tả đúng một số chi tiết như cây, thông, toà và nhà; bỏ sót/giảm nhẹ các chi tiết ngôi_sao, trắng và mô_hình.",2026-06-06T21:46:42+00:00
7215,00000007215.jpg,True,False,wrong,generic,True,False,True,True,False,chợ,,"ViG mô tả đúng một số chi tiết như toà và nhà; bỏ sót cultural term chợ; bỏ sót/giảm nhẹ các chi tiết mặt, chụp, buổi, đêm và đồng_hồ.",2026-06-06T20:23:49+00:00
7216,00000007216.jpg,True,False,wrong,unsure,False,True,True,True,False,,,"ViG chưa khớp rõ với các chi tiết chính trong ảnh; bỏ sót/giảm nhẹ các chi tiết vũng, nước, mặt, đường và hình_ảnh; lệch sang các chi tiết mặt_nước và sông.",2026-06-06T21:46:55+00:00
7217,00000007217.jpg,True,False,correct,specific,False,False,False,False,False,,,"ViG mô tả đúng một số chi tiết như món, đồ và trang_trí; bỏ sót/giảm nhẹ các chi tiết quả, cầu, mô_hình, tuyết và giáng_sinh.",2026-06-06T21:47:06+00:00
7223,00000007223.jpg,True,False,wrong,generic,True,True,False,False,False,chợ,,"ViG mô tả đúng một số chi tiết như xe_máy; bỏ sót cultural term chợ; bỏ sót/giảm nhẹ các chi tiết bảo_vệ, bậc, thềm, đỗ và toà; lệch sang các chi tiết một_vài, dựng và cửa_hàng.",2026-06-06T20:24:08+00:00
7227,00000007227.png,True,False,wrong,generic,False,False,True,False,True,nón_lá,nón_lá,"ViG mô tả đúng cultural term nón_lá; bỏ sót/giảm nhẹ các chi tiết mái_chèo, tranh, hoạ, vẽ và hai; lệch sang các chi tiết tay.",2026-06-06T20:24:24+00:00
7232,00000007232.jpg,True,False,wrong,generic,True,True,False,False,False,đèn_lồng;nón_lá,,"ViG chưa khớp rõ với các chi tiết chính trong ảnh; bỏ sót cultural term nón_lá và đèn_lồng; bỏ sót/giảm nhẹ các chi tiết đội, nón, lá, cầu và xe_đạp; lệch sang các chi tiết sông.",2026-06-06T20:24:47+00:00
7239,00000007239.jpg,True,False,wrong,generic,True,False,False,True,False,chợ,,"ViG chưa khớp rõ với các chi tiết chính trong ảnh; bỏ sót cultural term chợ; bỏ sót/giảm nhẹ các chi tiết chợ, hoa, xanh, nhóm và khu; lệch sang các chi tiết vỉa_hè.",2026-06-06T20:25:05+00:00
7240,00000007240.jpg,True,False,wrong,unsure,False,False,False,False,False,,áo_dài,"ViG mô tả đúng một số chi tiết như mặc, biển và bờ; bỏ sót/giảm nhẹ các chi tiết hồng, áo, bãi, lưng và chụp; sinh thêm cultural term áo_dài không phù hợp với ảnh; lệch sang các chi tiết áo_dài.",2026-06-06T21:47:15+00:00
7306,00000007306.jpg,True,False,wrong,unsure,False,False,True,True,False,,chợ,"ViG chưa khớp rõ với các chi tiết chính trong ảnh; bỏ sót/giảm nhẹ các chi tiết một_vài, đường, cây, vỉa_hè và bóng; sinh thêm cultural term chợ không phù hợp với ảnh; lệch sang các chi tiết hai, khu và chợ.",2026-06-06T21:47:22+00:00
7309,00000007309.jpg,True,False,wrong,unsure,False,False,True,True,False,,,"ViG mô tả đúng một số chi tiết như đồ, trang_trí, món và cửa_hàng; bỏ sót/giảm nhẹ các chi tiết bày_bán, tết, đàn_ông_đội, mũ và rộng; lệch sang các chi tiết giáng_sinh.",2026-06-06T21:47:32+00:00
7330,00000007330.jpg,True,False,wrong,unsure,False,False,True,True,False,,,"ViG mô tả đúng một số chi tiết như đĩa và bàn; bỏ sót/giảm nhẹ các chi tiết thức_ăn, bát, nước_chấm, bày và món; lệch sang các chi tiết cơm.",2026-06-06T21:47:47+00:00
7333,00000007333.jpg,True,False,correct,specific,False,False,False,False,False,,,"ViG mô tả đúng một số chi tiết như đường và di_chuyển; bỏ sót/giảm nhẹ các chi tiết xe_cộ, hoa, nhièu, bông và bó.",2026-06-06T21:47:54+00:00
7356,00000007356.jpg,True,False,wrong,unsure,False,False,True,True,False,,,"ViG mô tả đúng một số chi tiết như quầy và hàng; bỏ sót/giảm nhẹ các chi tiết mặc, áo, trắng, tay và cà_chua; lệch sang các chi tiết rau, củ và quả.",2026-06-06T21:48:00+00:00
7362,00000007362.jpg,True,False,partial,generic,False,True,False,False,True,đèn_lồng,đèn_lồng,"ViG mô tả đúng cultural term đèn_lồng; bỏ sót/giảm nhẹ các chi tiết cây, thân, xe_đạp, dựng và gốc; lệch sang các chi tiết treo và đường.",2026-06-06T20:25:39+00:00
7377,00000007377.jpg,True,False,correct,specific,False,False,False,False,False,chợ,chợ,"ViG mô tả đúng cultural term chợ; bỏ sót/giảm nhẹ các chi tiết nhìn, cao, trạng_thái, đông và qua_lại.",2026-06-06T20:25:46+00:00
7393,00000007393.jpg,True,False,correct,specific,False,False,False,False,False,,,"ViG mô tả đúng một số chi tiết như vỉa_hè; bỏ sót/giảm nhẹ các chi tiết báo, đọc, hút, nam và thanh_niên.",2026-06-06T21:48:07+00:00
8660,00000008660.jpg,True,False,correct,specific,False,False,False,False,False,đèn_lồng,đèn_lồng,"ViG mô tả đúng cultural term đèn_lồng; bỏ sót/giảm nhẹ các chi tiết ngôi, trái, giàn, cây_hoa_màu và tím; lệch sang các chi tiết trần.",2026-06-06T20:25:54+00:00
8661,00000008661.jpg,True,False,correct,specific,False,False,False,False,False,,,"ViG mô tả đúng một số chi tiết như một_vài; bỏ sót/giảm nhẹ các chi tiết mặc, rào_chắn, áo, caro và tấm;",2026-06-06T21:48:15+00:00
8678,00000008678.jpg,True,False,correct,specific,False,False,False,False,False,,,"ViG mô tả đúng một số chi tiết như kệ, hàng, mặt_hàng và bày_bán; bỏ sót/giảm nhẹ các chi tiết loại, hàng_hoá, siêu_thị, trưng_bày và khác.",2026-06-06T21:48:19+00:00
9534,00000009534.jpg,True,False,partial,specific,False,False,False,False,False,,,"ViG mô tả đúng một số chi tiết như xe_máy; bỏ sót/giảm nhẹ các chi tiết hai, quảng_cáo, đỏ, chụp và phụ_kiện.",2026-06-06T21:48:26+00:00
9538,00000009538.jpg,True,False,correct,specific,False,False,False,False,False,,,"ViG mô tả đúng một số chi tiết như phòng và căn; bỏ sót/giảm nhẹ các chi tiết đặt, sofa, ti_vi, tủ và gỗ.",2026-06-06T21:48:29+00:00
9556,00000009556.jpg,True,False,correct,specific,False,False,False,False,False,,,"ViG mô tả đúng một số chi tiết như thuyền, sông và di_chuyển; bỏ sót/giảm nhẹ các chi tiết mặt_nước, con_cò, bay, đàn và cò.",2026-06-06T21:48:33+00:00
9582,00000009582.jpg,True,False,correct,specific,True,False,False,False,False,chợ,,"ViG chưa khớp rõ với các chi tiết chính trong ảnh; bỏ sót cultural term chợ; bỏ sót/giảm nhẹ các chi tiết toà, nhà, vàng, ngoài và hai;",2026-06-06T20:26:18+00:00
9652,00000009652.jpg,True,False,wrong,generic,True,True,True,True,False,xích_lô,,"ViG chưa khớp rõ với các chi tiết chính trong ảnh; bỏ sót cultural term xích_lô; bỏ sót/giảm nhẹ các chi tiết xích_lô, mặc, áo, hồng và theo; lệch sang các chi tiết dắt, xe_đạp và đường.",2026-06-06T20:26:35+00:00
9704,00000009704.jpg,True,False,partial,generic,False,False,False,False,False,,,"ViG mô tả đúng một số chi tiết như tường; bỏ sót/giảm nhẹ các chi tiết mô_hình, thuyền, căn, phòng và trưng_bày; lệch sang các chi tiết tranh.",2026-06-06T21:48:47+00:00
9770,00000009770.jpg,True,False,partial,generic,True,True,False,False,True,đèn_lồng;nón_lá,đèn_lồng,"ViG mô tả đúng cultural term đèn_lồng; bỏ sót cultural term nón_lá; bỏ sót/giảm nhẹ các chi tiết phố, đeo, nón, lá và trang_trí; lệch sang các chi tiết treo và đường.",2026-06-06T20:26:53+00:00
9829,00000009829.jpg,True,False,wrong,unsure,False,True,True,True,False,,,"ViG mô tả đúng một số chi tiết như nhóm và tấm; bỏ sót/giảm nhẹ các chi tiết cây_xăng, băng_rôn, xanh, dương và nền; lệch sang các chi tiết bảng và thông_báo.",2026-06-06T21:49:00+00:00
9862,00000009862.jpg,True,False,partial,generic,False,False,False,False,False,,,"ViG chưa khớp rõ với các chi tiết chính trong ảnh; bỏ sót/giảm nhẹ các chi tiết bảng_hiệu, quán, biểu_tượng, quả và ớt; lệch sang các chi tiết cửa_hàng.",2026-06-06T21:49:10+00:00
9914,00000009914.jpg,True,False,correct,specific,False,False,False,False,False,,,"ViG mô tả đúng một số chi tiết như ngôi, nhà, đóng_cửa và phố; bỏ sót/giảm nhẹ các chi tiết đường, chụp, lúc, trời và vừa.",2026-06-06T21:49:16+00:00
9919,00000009919.jpg,True,False,wrong,generic,False,True,True,True,False,,,"ViG chưa khớp rõ với các chi tiết chính trong ảnh; bỏ sót/giảm nhẹ các chi tiết tấm, bia, mặc, áo và đen; lệch sang các chi tiết tường.",2026-06-06T21:49:28+00:00
9952,00000009952.jpg,True,False,correct,specific,False,False,False,False,False,,,"ViG mô tả đúng một số chi tiết như đường, xe_máy và di_chuyển; bỏ sót/giảm nhẹ các chi tiết xe, ô_tô, đen, đỗ và lưu_thông.",2026-06-06T21:49:35+00:00
9988,00000009988.jpg,True,False,correct,specific,False,False,False,False,False,,,"ViG mô tả đúng một số chi tiết như siêu_thị; bỏ sót/giảm nhẹ các chi tiết mặc, áo, đen, tay và điện_thoại.",2026-06-06T21:49:40+00:00
10321,00000010321.jpg,True,False,correct,specific,False,False,False,False,False,,,"ViG mô tả đúng một số chi tiết như mặt_hàng và bày_bán; bỏ sót/giảm nhẹ các chi tiết hải_sản, quầy, hàng, loại và chụp;",2026-06-06T21:49:48+00:00
10332,00000010332.jpg,True,False,correct,specific,False,False,False,False,False,,,"ViG mô tả đúng một số chi tiết như quần_áo; bỏ sót/giảm nhẹ các chi tiết vợt, bộ, tủ, kính và đôi;",2026-06-06T21:49:59+00:00
10341,00000010341.jpg,True,False,correct,specific,False,False,False,False,False,,,"ViG mô tả đúng một số chi tiết như mặc, áo, đen và tay; bỏ sót/giảm nhẹ các chi tiết tạp_hoá, cửa_hàng, xanh, đưa và miệng; lệch sang các chi tiết cầm và sản_phẩm.",2026-06-06T21:50:04+00:00
10357,00000010357.jpg,True,False,correct,specific,False,False,False,False,False,,,"ViG mô tả đúng một số chi tiết như xe_máy, đường và di_chuyển; bỏ sót/giảm nhẹ các chi tiết vỉa_hè, dựng, gần, phương_tiện và giao_thông;",2026-06-06T21:50:11+00:00
10361,00000010361.jpg,True,False,correct,specific,False,False,False,False,False,chợ,chợ,"ViG mô tả đúng cultural term chợ; bỏ sót/giảm nhẹ các chi tiết đèn, treo, đông, không và gian.",2026-06-06T20:27:02+00:00
10362,00000010362.jpg,True,False,correct,specific,True,False,False,False,False,xuồng;thuyền;đèn_lồng,thuyền,"ViG mô tả đúng một số chi tiết như thuyền và mặt_nước; bỏ sót cultural term đèn_lồng; bỏ sót/giảm nhẹ các chi tiết sông, đậu, gần, nhau và đèn_lồng;",2026-06-06T20:33:02+00:00
10389,00000010389.jpg,True,False,wrong,unsure,False,True,True,True,False,,,"ViG mô tả đúng một số chi tiết như một_vài; bỏ sót/giảm nhẹ các chi tiết nhà, căn, lồng, chim và ngôi; lệch sang các chi tiết vỉa_hè và xe_máy.",2026-06-06T21:50:20+00:00
10394,00000010394.jpg,True,False,wrong,unsure,True,False,False,False,False,nón_lá,chợ,"ViG mô tả đúng một số chi tiết như bày_bán; bỏ sót cultural term nón_lá; bỏ sót/giảm nhẹ các chi tiết hoa, cửa_hàng, bó, bán_hoa và đội; sinh thêm cultural term chợ không phù hợp với ảnh; lệch sang các chi tiết món, đồ, trang_trí, giáng_sinh và chợ.",2026-06-06T20:28:08+00:00
10412,00000010412.jpg,True,False,partial,generic,False,False,False,False,False,,,"ViG mô tả đúng một số chi tiết như tấm; bỏ sót/giảm nhẹ các chi tiết bảng, quảng_cáo, sửa_chữa, bảng_hiệu và thang; lệch sang các chi tiết biển và tên.",2026-06-06T21:50:28+00:00
10418,00000010418.jpg,True,False,wrong,generic,True,True,False,False,True,đèn_lồng,,"ViG mô tả đúng một số chi tiết như nhà, gỗ và căn; bỏ sót cultural term đèn_lồng; bỏ sót/giảm nhẹ các chi tiết ngôi, treo, hai, đèn_lồng và cso.",2026-06-06T20:28:22+00:00
10445,00000010445.jpg,True,False,correct,specific,False,False,False,False,False,,,"ViG mô tả đúng một số chi tiết như đồ, trang_trí, món và giáng_sinh; bỏ sót/giảm nhẹ các chi tiết hộp và cạnh.",2026-06-06T21:50:32+00:00
10498,00000010498.jpg,True,False,wrong,generic,True,True,True,True,False,khu_di_tích;kiến_trúc_cổ,nhà_cổ,"ViG mô tả đúng một số chi tiết như cổ; bỏ sót cultural term khu_di_tích và kiến_trúc_cổ; bỏ sót/giảm nhẹ các chi tiết tường, tạo_dáng, chụp, kiến_trúc và mặc; sinh thêm cultural term nhà_cổ không phù hợp với ảnh; lệch sang các chi tiết cặp, đôi, ngôi và nhà.",2026-06-06T20:28:37+00:00
10518,00000010518.jpg,True,False,partial,generic,True,True,False,False,False,cờ,,"ViG mô tả đúng một số chi tiết như quầy; bỏ sót cultural term cờ; bỏ sót/giảm nhẹ các chi tiết siêu_thị, đỏ, thu_ngân, thanh_toán và lá; lệch sang các chi tiết một_vài, tính và tiền.",2026-06-06T20:28:49+00:00
10524,00000010524.jpg,True,False,wrong,generic,True,True,False,True,False,áo_dài,khu_di_tích,"ViG mô tả đúng một số chi tiết như nhóm; bỏ sót cultural term áo_dài; bỏ sót/giảm nhẹ các chi tiết tủ, kính, mặc, áo và trắng; sinh thêm cultural term khu_di_tích không phù hợp với ảnh; lệch sang các chi tiết khu và di_tích.",2026-06-06T20:29:08+00:00
10526,00000010526.jpg,True,False,wrong,unsure,False,True,True,True,True,,,"ViG chưa khớp rõ với các chi tiết chính trong ảnh; bỏ sót/giảm nhẹ các chi tiết chôm_chôm, cây, cành, trái và chùm.",2026-06-06T21:50:40+00:00
10531,00000010531.jpg,True,False,correct,specific,False,False,False,False,False,,,"ViG mô tả đúng một số chi tiết như hàng và rau; bỏ sót/giảm nhẹ các chi tiết bày_bán, khu_vực, nông_sản, giỏ và tay;",2026-06-06T21:50:51+00:00
10566,00000010566.jpg,True,False,partial,generic,True,False,False,False,False,nón_lá,,"ViG mô tả đúng một số chi tiết như kệ và hàng; bỏ sót cultural term nón_lá; bỏ sót/giảm nhẹ các chi tiết đội, nón, lá, tấm và băng_rôn; lệch sang các chi tiết loại, rau, củ và quả.",2026-06-06T20:29:27+00:00
10592,00000010592.jpg,True,False,correct,specific,False,False,False,False,False,,,"ViG mô tả đúng một số chi tiết như siêu_thị; bỏ sót/giảm nhẹ các chi tiết sữa, quầy, hàng, bé và mặc.",2026-06-06T21:50:57+00:00
10651,00000010651.jpg,True,False,partial,generic,True,True,False,False,False,xích_lô,,"ViG mô tả đúng một số chi tiết như đường và đạp; bỏ sót cultural term xích_lô; bỏ sót/giảm nhẹ các chi tiết xích_lô, điều_khiển, cây_xanh và vỉa_hè; lệch sang các chi tiết xe.",2026-06-06T20:29:38+00:00
10690,00000010690.jpg,True,False,correct,specific,False,False,False,False,False,,,"ViG mô tả đúng một số chi tiết như món, đồ và trang_trí; bỏ sót/giảm nhẹ các chi tiết cây, thông, trái, chụp và giáng_sinh.",2026-06-06T21:51:01+00:00
10728,00000010728.jpg,True,False,correct,specific,False,False,False,False,False,,,"ViG mô tả đúng một số chi tiết như tranh, căn và phòng; bỏ sót/giảm nhẹ các chi tiết trưng_bày, đặt, bảo_tàng, kệ và đá.",2026-06-06T21:51:05+00:00
10800,00000010800.jpg,True,False,wrong,unsure,False,False,True,True,True,đèn_lồng,đèn_lồng,"ViG mô tả đúng cultural term đèn_lồng; bỏ sót/giảm nhẹ các chi tiết khu_phố, không, gian, chụp và buổi; lệch sang các chi tiết treo.",2026-06-06T20:29:51+00:00
10821,00000010821.jpg,True,False,correct,specific,False,False,False,False,False,,,"ViG mô tả đúng một số chi tiết như siêu_thị; bỏ sót/giảm nhẹ các chi tiết đẩy, áo, vàng, xe và mua.",2026-06-06T21:51:10+00:00
10836,00000010836.jpg,True,False,correct,specific,False,False,False,False,False,,,,2026-06-06T20:03:37+00:00
10859,00000010859.jpg,True,False,partial,specific,False,False,False,False,False,,,"ViG mô tả đúng một số chi tiết như quán, ăn và ăn_ở; bỏ sót/giảm nhẹ các chi tiết nhóm, ba, đàn_ông_đội, mũ_bảo_hiểm và chuẩn_bị; lệch sang các chi tiết một_vài.",2026-06-06T21:51:13+00:00
10922,00000010922.jpg,True,False,partial,specific,False,False,False,False,False,,,"ViG chưa khớp rõ với các chi tiết chính trong ảnh; bỏ sót/giảm nhẹ các chi tiết đeo, hai, trao_đổi, tạp_dề và xanh; lệch sang các chi tiết sản_phẩm, kệ và hàng.",2026-06-06T21:51:22+00:00
11003,00000011003.jpg,True,False,wrong,unsure,False,False,False,True,False,,,"ViG chưa khớp rõ với các chi tiết chính trong ảnh; bỏ sót/giảm nhẹ các chi tiết nam, nhân_viên, siêu_thị, tay và điện_thoại; lệch sang các chi tiết mặc, áo, đen, quầy và hàng.",2026-06-06T21:51:29+00:00
11015,00000011015.jpeg,True,False,wrong,unsure,False,False,False,False,False,,,"ViG mô tả đúng một số chi tiết như quầy và hàng; bỏ sót/giảm nhẹ các chi tiết đeo, tạp_dề, chế_biến, vàng và thức_ăn; lệch sang các chi tiết mặc, áo và đỏ.",2026-06-06T21:51:39+00:00
11024,00000011024.jpg,True,False,correct,specific,False,False,False,False,False,,,"ViG mô tả đúng một số chi tiết như đồ, cửa_hàng, trang_trí và bày_bán; bỏ sót/giảm nhẹ các chi tiết lưu_niệm, món, trưng_bày, mặc và áo;",2026-06-06T21:51:46+00:00
11027,00000011027.jpg,True,False,partial,specific,False,False,False,False,False,áo_dài,áo_dài,"ViG mô tả đúng cultural term áo_dài; bỏ sót/giảm nhẹ các chi tiết nhóm, trắng, vườn, hoa và thành; lệch sang các chi tiết tạo_dáng và chụp.",2026-06-06T20:30:05+00:00
11033,00000011033.jpg,True,False,wrong,unsure,False,False,True,True,False,,khu_di_tích;di_tích_lịch_sử,"ViG mô tả đúng một số chi tiết như khu; bỏ sót/giảm nhẹ các chi tiết nhà, vũng, nước, lối và đường; sinh thêm cultural term di_tích_lịch_sử và khu_di_tích không phù hợp với ảnh; lệch sang các chi tiết di_tích và lịch_sử.",2026-06-06T21:51:57+00:00
11059,00000011059.jpg,True,False,correct,specific,False,False,False,False,False,,,"ViG mô tả đúng một số chi tiết như xe_buýt và một_vài; bỏ sót/giảm nhẹ các chi tiết tấm, biển, quảng_cáo, dán và hình_ảnh;",2026-06-06T21:52:05+00:00
11062,00000011062.jpg,True,False,wrong,generic,False,False,False,False,False,,,"ViG mô tả đúng một số chi tiết như di_chuyển; bỏ sót/giảm nhẹ các chi tiết vỉa_hè, mặc, áo, nhóm và bộ; lệch sang các chi tiết đường.",2026-06-06T21:52:22+00:00
11071,00000011071.jpg,True,False,wrong,unsure,False,True,False,False,False,,,"ViG chưa khớp rõ với các chi tiết chính trong ảnh; bỏ sót/giảm nhẹ các chi tiết dắt, chó, theo, cởi và trần; lệch sang các chi tiết bộ và đường.",2026-06-06T21:52:43+00:00
11074,00000011074.jpg,True,False,wrong,unsure,False,False,True,True,False,,,"ViG mô tả đúng một số chi tiết như nhóm; bỏ sót/giảm nhẹ các chi tiết hương, em, học_sinh, lư và lư_hương; lệch sang các chi tiết căn, phòng và trưng_bày.",2026-06-06T21:52:53+00:00
11487,00000011487.jpg,True,False,wrong,unsure,False,False,True,True,False,,,"ViG mô tả đúng một số chi tiết như phòng và căn; bỏ sót/giảm nhẹ các chi tiết mô_hình, voi, ma_mút, trưng_bày và hai; lệch sang các chi tiết bộ và xương.",2026-06-06T21:53:02+00:00
11532,00000011532.jpg,True,False,wrong,unsure,False,True,False,True,False,,,"ViG chưa khớp rõ với các chi tiết chính trong ảnh; bỏ sót/giảm nhẹ các chi tiết cây, thông, noel, sợi và dây.",2026-06-06T21:53:10+00:00
11538,00000011538.jpg,True,False,correct,specific,False,False,False,False,False,,,"ViG mô tả đúng một số chi tiết như siêu_thị; bỏ sót/giảm nhẹ các chi tiết mặc, áo, hàng, trắng và sản_phẩm;",2026-06-06T21:53:16+00:00
11568,00000011568.jpg,True,False,wrong,unsure,False,True,False,True,False,,,"ViG chưa khớp rõ với các chi tiết chính trong ảnh; bỏ sót/giảm nhẹ các chi tiết mặc, áo, vàng, trắng và thang; lệch sang các chi tiết tấm, bảng và thông_báo.",2026-06-06T21:53:34+00:00
11627,00000011627.jpg,True,False,wrong,unsure,True,True,True,False,True,cờ,,"ViG mô tả đúng một số chi tiết như tượng; bỏ sót cultural term cờ; bỏ sót/giảm nhẹ các chi tiết cột, cờ, hai, đài và tưởng_niệm; lệch sang các chi tiết lưng.",2026-06-06T20:30:19+00:00
11628,00000011628.jpg,True,False,correct,specific,False,False,False,False,False,,,"ViG mô tả đúng một số chi tiết như siêu_thị; bỏ sót/giảm nhẹ các chi tiết giỏ, hàng, thanh_toán, đỏ và xếp.",2026-06-06T21:53:43+00:00
11653,00000011653.jpg,True,False,correct,specific,True,False,False,False,False,xuồng;thuyền,thuyền,ViG mô tả đúng một số chi tiết như di_chuyển; bỏ sót cultural term xuồng;,2026-06-06T20:30:37+00:00
11662,00000011662.jpg,True,False,wrong,unsure,False,True,True,True,True,,,"ViG chưa khớp rõ với các chi tiết chính trong ảnh; bỏ sót/giảm nhẹ các chi tiết bậc, thang, đeo, kính_râm và đưa; lệch sang các chi tiết lưng.",2026-06-06T21:53:56+00:00
11688,00000011688.jpg,True,False,correct,specific,False,False,False,False,False,,,"ViG mô tả đúng một số chi tiết như kệ; bỏ sót/giảm nhẹ các chi tiết đỏ, sân, bóng_đá, mô_hình và chủ_đạo;",2026-06-06T21:54:04+00:00
